category,file,relative_path,distance_cm,angle_deg,trial,n_trials,ok,x_true_m,y_true_m,x_est_m,y_est_m,dist_true_m,dist_est_m,angle_est_deg,xy_err_cm,dist_err_cm,angle_err_deg,theta_est_deg,n_iter,cov_xx,cov_xy,cov_yy,cov_trace
Box,<mean_over_trials>,<mean_over_trials>,25.0,-10.0,-1,100,True,-0.04341204441673258,0.246201938253052,13.078993543968359,-65.04572273173375,0.25,66.34761576587925,168.63091941254598,6659.754466598083,6609.761576587925,178.63091941254595,45.0,20,0.0010792949065097364,0.0002170123963397503,4.3634428942010637e-05,0.001122929335451747
Box,<mean_over_trials>,<mean_over_trials>,25.0,-5.0,-1,100,True,-0.02178893568691454,0.2490486745229364,0.0669274837491774,0.2441585680110364,0.25,0.25316534994780837,15.329089721336238,8.885109014107996,0.31653499478083713,20.32908972133623,-45.0,6,1.575802442451473e-08,-4.322852100492073e-09,1.2211973976037482e-09,1.697922182211848e-08
Box,<mean_over_trials>,<mean_over_trials>,25.0,0.0,-1,100,True,0.0,0.25,-0.07726438300839641,0.2503564406189953,0.25,0.2620078858375845,-17.151142243555757,7.726520518048889,1.2007885837584498,-17.151142243555768,45.0,5,1.685490776805331e-08,5.206923424307323e-09,1.6445298132228356e-09,1.8499437581276144e-08
Box,<mean_over_trials>,<mean_over_trials>,25.0,5.0,-1,100,True,0.02178893568691454,0.2490486745229364,-0.03643259896969423,0.2551463705095118,0.25,0.25773436839479447,-8.1263869940908,5.853997774269644,0.7734368394794466,-13.126386994090808,45.0,6,1.6379328744272246e-08,2.3404589226644788e-09,3.679495932957123e-10,1.6747278337567958e-08
Box,<mean_over_trials>,<mean_over_trials>,25.0,10.0,-1,100,True,0.04341204441673258,0.246201938253052,0.0036256272213542077,0.26088646763466206,0.25,0.26091165970044305,0.7962075140307809,4.240983843878763,1.0911659700443055,-9.203792485969217,45.0,4,1.680273097535825e-08,-2.3367674725044597e-10,3.610244753078006e-11,1.683883342288903e-08
Box,<mean_over_trials>,<mean_over_trials>,50.0,-10.0,-1,100,True,-0.08682408883346517,0.492403876506104,-0.046018471494199256,0.5007878798169915,0.5,0.5028978030278716,-5.250287000029903,4.165801144984684,0.28978030278715705,4.749712999970086,45.0,3,6.213877872573828e-08,5.72026037455822e-09,5.596157885570346e-10,6.269839451429532e-08
Box,<mean_over_trials>,<mean_over_trials>,50.0,-5.0,-1,100,True,-0.04357787137382908,0.4980973490458728,0.007025668910042521,0.4984702976652591,0.5,0.49851980670593776,0.8074995168705046,5.060491458281614,-0.14801932940622375,5.807499516870507,45.0,5,6.108201669894821e-08,-8.624451599457108e-10,4.493727808016149e-11,6.112695397702837e-08
Box,<mean_over_trials>,<mean_over_trials>,50.0,0.0,-1,100,True,0.0,0.5,-0.06877815545711198,0.4944834814343299,0.5,0.49924377620506993,-7.91851806824931,6.899903365387116,-0.07562237949300665,-7.918518068249313,45.0,5,6.121561673553724e-08,8.529904461727793e-09,1.2219626881488388e-09,6.243757942368608e-08
Box,<mean_over_trials>,<mean_over_trials>,50.0,5.0,-1,100,True,0.04357787137382908,0.4980973490458728,0.09910796822068794,0.4921945067033408,0.5,0.5020735222990532,11.38480255445661,5.584295124312748,0.2073522299053221,6.3848025544565985,-45.0,5,6.186235348483578e-08,-1.2479456224436132e-08,2.551558591387174e-09,6.441391207622296e-08
Box,<mean_over_trials>,<mean_over_trials>,50.0,10.0,-1,100,True,0.08682408883346517,0.492403876506104,0.05721439249922055,0.5002145913600489,0.5,0.5034760412557439,6.525116981443585,3.0622563307728075,0.3476041255743856,-3.474883018556426,45.0,4,6.227083989108034e-08,-7.135287957761177e-09,8.507777382059039e-10,6.312161762928624e-08
Box,<mean_over_trials>,<mean_over_trials>,75.0,-10.0,-1,100,True,-0.13023613325019776,0.738605814759156,0.04569639172730366,0.7435726757541868,0.75,0.7449754924459839,3.516699604678719,17.60026222904168,-0.5024507554016067,13.516699604678706,45.0,6,1.362695551991442e-07,-8.387343643142913e-09,5.490961771479259e-10,1.3681865137629214e-07
Box,<mean_over_trials>,<mean_over_trials>,75.0,-5.0,-1,100,True,-0.06536680706074363,0.7471460235688092,0.06067883548749626,0.7415182178261299,0.75,0.743996766420499,4.678121167869707,12.617121780689919,-0.6003233579501055,9.678121167869705,-45.0,5,1.358995743916351e-07,-1.1137879207074124e-08,9.45777688004252e-10,1.3684535207963935e-07
Box,<mean_over_trials>,<mean_over_trials>,75.0,0.0,-1,100,True,0.0,0.75,0.22617201445551757,0.7110954020250685,0.75,0.7461973270550228,17.64385995556625,22.949367718187336,-0.3802672944977159,17.643859955566256,-45.0,5,1.3630839353584445e-07,-4.3425602169487594e-08,1.3870735077703532e-08,1.50179128613548e-07
Box,<mean_over_trials>,<mean_over_trials>,75.0,5.0,-1,100,True,0.06536680706074363,0.7471460235688092,0.485086101904888,0.5620981571359374,0.75,0.7424707836116491,40.793923967506686,45.87014272223532,-0.7529216388350912,35.793923967506686,-45.0,8,1.3254430716221795e-07,-1.1464233760898726e-07,9.921549808400551e-08,2.3175980524622346e-07
Box,<mean_over_trials>,<mean_over_trials>,75.0,10.0,-1,100,True,0.13023613325019776,0.738605814759156,0.19587009303773317,0.7214235539077057,0.75,0.7475406594155495,15.18991507359602,6.784575716549337,-0.245934058445052,5.189915073596012,-45.0,5,1.3691336592323256e-07,-3.7232527850767335e-08,1.0160251376832911e-08,1.4707361730006547e-07
Box,<mean_over_trials>,<mean_over_trials>,100.0,-10.0,-1,100,True,-0.17364817766693033,0.984807753012208,0.6380524494386863,0.7611695057183774,1.0,0.9932220017046876,39.97151462223779,84.19453507777733,-0.6777998295312448,49.971514622237805,-45.0,6,2.377273608780017e-07,-1.9963269465502903e-07,1.676983186883963e-07,4.0542567956639796e-07
Box,<mean_over_trials>,<mean_over_trials>,100.0,-5.0,-1,100,True,-0.08715574274765817,0.9961946980917455,0.0602788152121013,0.9925354552727719,1.0,0.9943642016569699,3.4754273315523547,14.747996114319356,-0.5635798343030074,8.475427331552368,45.0,3,2.42702570249875e-07,-1.4758770683496964e-08,9.303307393103014e-10,2.436329009891853e-07
Box,<mean_over_trials>,<mean_over_trials>,100.0,0.0,-1,100,True,0.0,1.0,0.0733262993987624,0.9979417857899914,1.0,1.000632077243796,4.2024004777549475,7.335517997559016,0.0632077243795992,4.202400477754935,45.0,5,2.457587964735154e-07,-1.8080854677100712e-08,1.363140672328208e-09,2.471219371458436e-07
Box,<mean_over_trials>,<mean_over_trials>,100.0,5.0,-1,100,True,0.08715574274765817,0.9961946980917455,0.5202303215413783,0.8463008687549286,1.0,0.9934106642805848,31.57949332408459,45.828130102657795,-0.6589335719415224,26.57949332408458,-45.0,6,2.3979159368987674e-07,-1.4763425044543829e-07,9.094019375189338e-08,3.307317874417701e-07
Box,<mean_over_trials>,<mean_over_trials>,100.0,10.0,-1,100,True,0.17364817766693033,0.984807753012208,0.20849547498547752,0.977620894471154,1.0,0.9996064107417474,12.039007166204449,3.558068389022824,-0.03935892582526135,2.039007166204442,-45.0,6,2.449783768597098e-07,-5.231471979219459e-08,1.120593969912806e-08,2.5618431655883787e-07
Box,<mean_over_trials>,<mean_over_trials>,125.0,-10.0,-1,100,True,-0.2170602220836629,1.23100969126526,-0.12536414120988137,1.2473062454769015,1.25,1.2535904586055908,-5.739404535223635,9.313296369591196,0.35904586055908183,4.260595464776372,45.0,6,3.856185599297282e-07,3.8799853695920595e-08,3.936987244629053e-09,3.8955554717435723e-07
Box,<mean_over_trials>,<mean_over_trials>,125.0,-5.0,-1,100,True,-0.1089446784345727,1.2452433726146819,0.3605878743116136,1.1907145525454128,1.25,1.244116055978698,16.84805377999395,47.26882802719959,-0.5883944021302101,21.84805377999396,-45.0,5,3.789931389089118e-07,-1.1490332309707565e-07,3.487217678512267e-08,4.138653156940345e-07
Box,<mean_over_trials>,<mean_over_trials>,125.0,0.0,-1,100,True,0.0,1.25,0.21730549042605482,1.2337716281464002,1.25,1.2527625898742056,9.989112052487721,21.791061521258413,0.27625898742056343,9.989112052487712,-45.0,4,3.848950210393268e-07,-6.786663956986402e-08,1.2000330909994872e-08,3.9689535194932164e-07
Box,<mean_over_trials>,<mean_over_trials>,125.0,5.0,-1,100,True,0.1089446784345727,1.2452433726146819,0.04272725990856691,1.2504097858591414,1.25,1.2511395810666364,1.9570700226128888,6.641865959247252,0.11395810666363637,-3.0429299773871037,45.0,6,3.8420431082647903e-07,-1.3142711698670778e-08,4.823430349077624e-10,3.846866538613868e-07
Box,<mean_over_trials>,<mean_over_trials>,125.0,10.0,-1,100,True,0.2170602220836629,1.23100969126526,-0.38780729024856647,1.1885995068718949,1.25,1.250265284692032,-18.0700786622348,60.635248100033266,0.026528469203190852,-28.070078662234806,45.0,5,3.826013306983739e-07,1.24976061141148e-07,4.08594289492384e-08,4.234607596476123e-07
Dose,<mean_over_trials>,<mean_over_trials>,25.0,-10.0,-1,100,True,-0.04341204441673258,0.246201938253052,-0.0668574406862855,0.24535102368862935,0.25,0.2542971533465889,-15.242842689800414,2.3460832505099063,0.4297153346588922,-5.242842689800426,45.0,7,1.58993801816447e-08,4.3359767464173236e-09,1.2177717038805559e-09,1.7117151885525257e-08
Dose,<mean_over_trials>,<mean_over_trials>,25.0,-5.0,-1,100,True,-0.02178893568691454,0.2490486745229364,0.07229207032268964,0.24681618754783405,0.25,0.25718548533536706,16.325224175060317,9.410749008380352,0.7185485335367059,21.325224175060328,-45.0,5,1.6250774907637266e-08,-4.764038740258965e-09,1.4322825573483118e-09,1.7683057464985577e-08
Dose,<mean_over_trials>,<mean_over_trials>,25.0,0.0,-1,100,True,0.0,0.25,0.06248949751067921,0.25486513801342076,0.25,0.2624141304764993,13.776382173544828,6.267859975323967,1.2414130476499308,13.776382173544818,-45.0,6,1.6938969029030076e-08,-4.1569677655580655e-09,1.0549750065306551e-09,1.799394403556073e-08
Dose,<mean_over_trials>,<mean_over_trials>,25.0,5.0,-1,100,True,0.02178893568691454,0.2490486745229364,11.084840528921063,-11.177747901915996,0.25,15.74216432738518,135.23910829022066,1590.4804008659682,1549.2164327385178,130.23910829022066,45.0,20,5.96081021277342e-05,5.910374316301747e-05,5.860371659035336e-05,0.00011821181871808756
Dose,<mean_over_trials>,<mean_over_trials>,25.0,10.0,-1,100,True,0.04341204441673258,0.246201938253052,0.05723864585137291,0.26160981505602854,0.25,0.267798353080351,12.341490631888448,2.070211522545704,1.7798353080350993,2.341490631888462,-45.0,5,1.764972976069554e-08,-3.865366220704148e-09,8.809440711506258e-10,1.8530673831846167e-08
Dose,<mean_over_trials>,<mean_over_trials>,50.0,-10.0,-1,100,True,-0.08682408883346517,0.492403876506104,-0.09876853422064648,0.4855488684837921,0.5,0.49549261047767995,-11.498017080146157,1.3771743193703467,-0.4507389522320049,-1.4980170801461554,45.0,5,6.02513626026351e-08,1.2278692792382667e-08,2.5364021167412504e-09,6.278776471937634e-08
Dose,<mean_over_trials>,<mean_over_trials>,50.0,-5.0,-1,100,True,-0.04357787137382908,0.4980973490458728,-0.1741189665878379,0.4643739377686244,0.5,0.4959441184290372,-20.55374545571957,13.482672586637767,-0.4055881570962816,-15.553745455719564,45.0,6,6.014656739780379e-08,2.259731924024363e-08,8.527283088427723e-09,6.867385048623152e-08
Dose,<mean_over_trials>,<mean_over_trials>,50.0,0.0,-1,100,True,0.0,0.5,-0.1806492847184607,0.47006089775814386,0.5,0.5035786052549132,-21.022286250351456,18.311339086025303,0.35786052549131586,-21.022286250351442,45.0,5,6.199660797559369e-08,2.387369740958994e-08,9.23090744210013e-09,7.122751541769382e-08
Dose,<mean_over_trials>,<mean_over_trials>,50.0,5.0,-1,100,True,0.04357787137382908,0.4980973490458728,-0.2061285950813898,0.45722160723859284,0.5,0.5015382296855043,-24.267215432830852,25.3029930359724,0.1538229685504322,-29.267215432830852,45.0,6,6.137795652047047e-08,2.772878547349811e-08,1.2566497865979487e-08,7.394445438644995e-08
Dose,<mean_over_trials>,<mean_over_trials>,50.0,10.0,-1,100,True,0.08682408883346517,0.492403876506104,-0.13144551061464962,0.4789247250809911,0.5,0.4966354946584556,-15.347464017412682,21.868540318544717,-0.33645053415444215,-25.347464017412676,45.0,6,6.045450940331019e-08,1.6623797253875334e-08,4.606445407255973e-09,6.506095481056616e-08
Dose,<mean_over_trials>,<mean_over_trials>,75.0,-10.0,-1,100,True,-0.13023613325019776,0.738605814759156,0.11006563631594982,0.7352150431267993,0.75,0.7434081005326592,8.514255021601919,24.032569107127244,-0.6591899467340845,18.51425502160191,45.0,6,1.3561828700927435e-07,-2.033445061620093e-08,3.0823941705114643e-09,1.3870068117978581e-07
Dose,<mean_over_trials>,<mean_over_trials>,75.0,-5.0,-1,100,True,-0.06536680706074363,0.7471460235688092,-0.09537914910608793,0.7426642543457056,0.75,0.7487638992146085,-7.3183423545209365,3.0345130258674122,-0.12361007853914918,-2.3183423545209507,45.0,3,1.3760352800625275e-07,1.7699534187519777e-08,2.3099140703816583e-09,1.399134420766344e-07
Dose,<mean_over_trials>,<mean_over_trials>,75.0,0.0,-1,100,True,0.0,0.75,-0.1825302902205972,0.7311768441718856,0.75,0.7536158731749042,-14.016777240638003,18.349827803918192,0.3615873174904194,-14.016777240637992,45.0,6,1.3919535052332673e-07,3.4803878114654114e-08,8.737009594109692e-09,1.4793236011743642e-07
Dose,<mean_over_trials>,<mean_over_trials>,75.0,5.0,-1,100,True,0.06536680706074363,0.7471460235688092,-0.0388896403794033,0.7488523331555289,0.75,0.7498614678734457,-2.9728322388178317,10.427040963401769,-0.01385321265543471,-7.97283223881783,45.0,6,1.3806628604229478e-07,7.1810773573487004e-09,4.063232734378371e-10,1.3847260931573263e-07
Dose,<mean_over_trials>,<mean_over_trials>,75.0,10.0,-1,100,True,0.13023613325019776,0.738605814759156,0.003216418393359472,0.7494847597436802,0.75,0.7494916613514278,0.245883675903782,12.748474185677598,-0.05083386485722485,-9.75411632409623,45.0,5,1.3794177888478867e-07,-5.928825543964559e-10,3.528278033192364e-11,1.3797706166512058e-07
Dose,<mean_over_trials>,<mean_over_trials>,100.0,-10.0,-1,100,True,-0.17364817766693033,0.984807753012208,-0.0934085991827842,0.9953799814206101,1.0,0.9997532064535648,-5.361058898534495,8.093307092179854,-0.02467935464351978,4.638941101465491,45.0,4,2.453037410072496e-07,2.3049367669863868e-08,2.1987936486739215e-09,2.4750253465592357e-07
Dose,<mean_over_trials>,<mean_over_trials>,100.0,-5.0,-1,100,True,-0.08715574274765817,0.9961946980917455,-0.01442445122570767,1.0001152601414312,1.0,1.0002192751396692,-0.826307637963761,7.283688333005733,0.02192751396692394,4.173692362036235,45.0,5,2.455923305075806e-07,3.546644521079774e-09,8.395169752492831e-11,2.456762822051055e-07
Dose,<mean_over_trials>,<mean_over_trials>,100.0,0.0,-1,100,True,0.0,1.0,0.19672929108851753,0.976247767111325,1.0,0.9958725404197258,11.393413367315835,19.815797369621166,-0.4127459580274162,11.393413367315844,-45.0,5,2.4318532187740026e-07,-4.907000408239891e-08,9.935419039474378e-09,2.5312074091687464e-07
Dose,<mean_over_trials>,<mean_over_trials>,100.0,5.0,-1,100,True,0.08715574274765817,0.9961946980917455,0.5109331636030112,0.8540090870922006,1.0,0.9951804954406187,30.891071597509434,44.69944635027697,-0.48195045593812935,25.891071597509438,-45.0,6,2.4077283392707413e-07,-1.4427274658937054e-07,8.64937035336893e-08,3.2726653746076345e-07
Dose,<mean_over_trials>,<mean_over_trials>,100.0,10.0,-1,100,True,0.17364817766693033,0.984807753012208,0.0013703206659850698,0.997831272097584,1.0,0.9978322130271253,0.07868418597258318,17.27694187702363,-0.21677869728746746,-9.921315814027423,45.0,5,2.4442339742614604e-07,-3.360952170726485e-10,3.318937256453526e-11,2.444565867987106e-07
Dose,<mean_over_trials>,<mean_over_trials>,125.0,-10.0,-1,100,True,-0.2170602220836629,1.23100969126526,-0.33260166484048204,1.2047083320256815,1.25,1.2497783934389168,-15.434019977861638,11.849720035585934,-0.022160656108316523,-5.434019977861624,45.0,6,3.8260637020761145e-07,1.0575147444792934e-07,2.9264675269611418e-08,4.118710454772229e-07
Dose,<mean_over_trials>,<mean_over_trials>,125.0,-5.0,-1,100,True,-0.1089446784345727,1.2452433726146819,-0.17349885243322036,1.2381779411030014,1.25,1.2502745560994641,-7.976596830952491,6.493967741753822,0.02745560994641405,-2.976596830952502,45.0,6,3.8348413943026343e-07,5.379433863500746e-08,7.579523162365017e-09,3.9106366259262846e-07
Dose,<mean_over_trials>,<mean_over_trials>,125.0,0.0,-1,100,True,0.0,1.25,0.28039679961748587,1.218217652938227,1.25,1.2500706440701865,12.9619991083875,28.21922798739957,0.007064407018653185,12.961999108387488,-45.0,5,3.830199722617059e-07,-8.825813000186599e-08,2.0371514467144883e-08,4.033914867288508e-07
Dose,<mean_over_trials>,<mean_over_trials>,125.0,5.0,-1,100,True,0.1089446784345727,1.2452433726146819,0.06269494587370247,1.2481638322923017,1.25,1.2497374158121022,2.875535432429836,4.634184768306744,-0.026258418789781857,-2.1244645675701577,45.0,4,3.8332993552736664e-07,-1.9275450613347708e-08,1.002057912362402e-09,3.8433199343972903e-07
Dose,<mean_over_trials>,<mean_over_trials>,125.0,10.0,-1,100,True,0.2170602220836629,1.23100969126526,-0.2988335949050215,1.2143421793500269,1.25,1.250571247867322,-13.825029535047534,51.616299398600695,0.05712478673221,-23.82502953504752,45.0,5,3.832500416538485e-07,9.441862337214284e-08,2.3295963665054235e-08,4.0654600531890273e-07
Glas,<mean_over_trials>,<mean_over_trials>,25.0,-10.0,-1,100,True,-0.04341204441673258,0.246201938253052,-0.053046039483121546,0.25257439021732364,0.25,0.2580846855171724,-11.860956161090908,1.1550844340400244,0.8084685517172396,-1.860956161090911,45.0,4,1.6401680689109247e-08,3.4473868538832844e-09,7.588867128711679e-10,1.7160567401980414e-08
Glas,<mean_over_trials>,<mean_over_trials>,25.0,-5.0,-1,100,True,-0.02178893568691454,0.2490486745229364,2.8672454093196986,-3.831951379316401,0.25,4.7859113667837345,143.19444459031507,500.0108087438158,453.59113667837346,148.19444459031507,45.0,20,5.559390596524924e-06,4.157915932786305e-06,3.1097920260864926e-06,8.669182622611416e-06
Glas,<mean_over_trials>,<mean_over_trials>,25.0,0.0,-1,100,True,0.0,0.25,0.822769923062765,-54.97763906580032,0.25,54.983795318218164,179.14260186487294,5523.376745369276,5473.379531821816,179.14260186487297,-45.0,20,0.0007418580140367985,1.1101965973555172e-05,1.6617455630417228e-07,0.0007420241885931027
Glas,<mean_over_trials>,<mean_over_trials>,25.0,5.0,-1,100,True,0.02178893568691454,0.2490486745229364,0.07468956652351973,0.2459933089637124,0.25,0.25708216469134487,16.8895691069153,5.298879128279183,0.7082164691344872,11.889569106915303,-45.0,7,1.623215015759828e-08,-4.9329213480332755e-09,1.5349845806871161e-09,1.7767134738285394e-08
Glas,<mean_over_trials>,<mean_over_trials>,25.0,10.0,-1,100,True,0.04341204441673258,0.246201938253052,17.863915480373603,-10.691003303856217,0.25,20.818670176862792,120.89922175021367,2090.9155918376355,2056.8670176862793,110.89922175021366,31.0,20,0.00010055528412685817,0.00016799447051680765,0.00028066306850144015,0.0003812183526282983
Glas,<mean_over_trials>,<mean_over_trials>,50.0,-10.0,-1,100,True,-0.08682408883346517,0.492403876506104,-0.02123159266860893,0.49975325079475635,0.5,0.5002040505705371,-2.432699667906461,6.600294580979991,0.02040505705370732,7.567300332093538,45.0,5,6.149108912854851e-08,2.617035917425878e-09,1.4419254388135305e-10,6.163528167242986e-08
Glas,<mean_over_trials>,<mean_over_trials>,50.0,-5.0,-1,100,True,-0.04357787137382908,0.4980973490458728,-0.1230694148269066,0.48330649344293686,0.5,0.49872963363925427,-14.286210803868949,8.085588964336125,-0.12703663607457338,-9.286210803868954,45.0,5,6.098804724012188e-08,1.55592055581985e-08,4.004332111398291e-09,6.499237935152017e-08
Glas,<mean_over_trials>,<mean_over_trials>,50.0,0.0,-1,100,True,0.0,0.5,-0.2201224633764521,0.4493078669214698,0.5,0.5003313483686973,-26.100906067819484,22.58840216548504,0.0331348368697304,-26.100906067819494,45.0,5,6.100694079657556e-08,2.995234413756933e-08,1.4746232178487247e-08,7.57531729750628e-08
Glas,<mean_over_trials>,<mean_over_trials>,50.0,5.0,-1,100,True,0.04357787137382908,0.4980973490458728,-0.171852466299158,0.4694368006303692,0.5,0.49990417077594007,-20.106780052291686,21.73284551672299,-0.0095829224059929,-25.106780052291697,45.0,5,6.112464541418565e-08,2.2421101345644372e-08,8.261431296220242e-09,6.938607671040589e-08
Glas,<mean_over_trials>,<mean_over_trials>,50.0,10.0,-1,100,True,0.08682408883346517,0.492403876506104,-0.09959902713648211,0.49461960603095223,0.5,0.5045478380458568,-11.385107858980719,18.64362830172059,0.4547838045856789,-21.385107858980717,45.0,5,6.247285462111251e-08,1.2602940493678985e-08,2.5765349401436896e-09,6.50493895612562e-08
Glas,<mean_over_trials>,<mean_over_trials>,75.0,-10.0,-1,100,True,-0.13023613325019776,0.738605814759156,-0.1006074337605389,0.7441546072113537,0.75,0.7509247200364131,-7.699529947547829,3.014380419134382,0.09247200364130848,2.3004700524521695,45.0,4,1.3839072711552362e-07,1.8738939721856096e-08,2.5706994442938278e-09,1.4096142655981744e-07
Glas,<mean_over_trials>,<mean_over_trials>,75.0,-5.0,-1,100,True,-0.06536680706074363,0.7471460235688092,-0.09636265216522166,0.7404590628183011,0.75,0.7467030095306113,-7.414747564837799,3.170895548294883,-0.3296990469388694,-2.4147475648377963,45.0,4,1.368456781086126e-07,1.7836570357806766e-08,2.35812225326461e-09,1.3920380036187722e-07
Glas,<mean_over_trials>,<mean_over_trials>,75.0,0.0,-1,100,True,0.0,0.75,0.05222445884932285,0.74979192340999,0.75,0.7516084901815285,3.984327088146766,5.222487336482422,0.16084901815285324,3.984327088146756,45.0,5,1.3870060140437194e-07,-9.675556195106003e-09,7.078461023160634e-10,1.39408447506688e-07
Glas,<mean_over_trials>,<mean_over_trials>,75.0,5.0,-1,100,True,0.06536680706074363,0.7471460235688092,0.044343305800453446,0.746166070018743,0.75,0.7474825301079138,3.4009849933155705,2.1046327807998013,-0.25174698920862326,-1.599015006684425,45.0,5,1.3718867304932138e-07,-8.16538378247139e-09,5.188484702957848e-10,1.3770752151961717e-07
Glas,<mean_over_trials>,<mean_over_trials>,75.0,10.0,-1,100,True,0.13023613325019776,0.738605814759156,0.6045636774032245,0.4169745992031985,0.75,0.7344147713764873,55.40551923735051,57.309096831327246,-1.5585228623512748,45.40551923735052,-35.0,17,1.2541294912625464e-07,-1.824276466054797e-07,2.654641041490298e-07,3.9087705327528446e-07
Glas,<mean_over_trials>,<mean_over_trials>,100.0,-10.0,-1,100,True,-0.17364817766693033,0.984807753012208,0.2418043786233907,0.9653518214070298,1.0,0.9951751085187541,14.062295336829482,41.59078741774285,-0.48248914812458743,24.062295336829493,-45.0,4,2.4269436638075213e-07,-6.087179287330766e-08,1.5302446186558828e-08,2.5799681256731094e-07
Glas,<mean_over_trials>,<mean_over_trials>,100.0,-5.0,-1,100,True,-0.08715574274765817,0.9961946980917455,0.13873853068941677,0.9841156453876201,1.0,0.9938470623765763,8.024553969586163,22.621698938385027,-0.6152937623423727,13.024553969586151,-45.0,4,2.423390146261131e-07,-3.420876999413482e-08,4.862316739144729e-09,2.472013313652578e-07
Glas,<mean_over_trials>,<mean_over_trials>,100.0,0.0,-1,100,True,0.0,1.0,0.12782550027963788,0.9911403999507251,1.0,0.9993491136415857,7.34876388938049,12.813216237452957,-0.06508863584142599,7.3487638893804785,45.0,5,2.4505125694063357e-07,-3.164456317771224e-08,4.119676578660263e-09,2.491709335192938e-07
Glas,<mean_over_trials>,<mean_over_trials>,100.0,5.0,-1,100,True,0.08715574274765817,0.9961946980917455,0.16408787296224056,0.9850316910844448,1.0,0.9986051584555096,9.45756393954948,7.773779894490522,-0.13948415444904327,4.4575639395494875,-45.0,5,2.446098803662335e-07,-4.080039655861483e-08,6.839055047536178e-09,2.5144893541376966e-07
Glas,<mean_over_trials>,<mean_over_trials>,100.0,10.0,-1,100,True,0.17364817766693033,0.984807753012208,0.3665850730742915,0.9252428221703277,1.0,0.9952180141951794,21.61367779493754,20.192232812551715,-0.47819858048205877,11.61367779493753,-45.0,5,2.420852498931437e-07,-9.605005591358682e-08,3.814682249699928e-08,2.80232072390143e-07
Glas,<mean_over_trials>,<mean_over_trials>,125.0,-10.0,-1,100,True,-0.2170602220836629,1.23100969126526,0.3337041280896702,1.1973707871992711,1.25,1.2430025129267799,15.573015597098522,55.179067162159846,-0.6997487073220121,25.573015597098532,-45.0,5,3.7845454427531236e-07,-1.0559439459617884e-07,2.9497663466324115e-08,4.079522077416365e-07
Glas,<mean_over_trials>,<mean_over_trials>,125.0,-5.0,-1,100,True,-0.1089446784345727,1.2452433726146819,0.2880004543143209,1.2093505488325964,1.25,1.2431705480934454,13.395181020831634,39.856459101642315,-0.6829451906554596,18.395181020831643,-45.0,6,3.787662406255857e-07,-9.030265275340676e-08,2.156387621134774e-08,4.0033011683693344e-07
Glas,<mean_over_trials>,<mean_over_trials>,125.0,0.0,-1,100,True,0.0,1.25,0.035727508132588945,1.2470562613495149,1.25,1.2475679435639542,1.6410451587876234,3.584857646555257,-0.24320564360458263,1.6410451587876196,45.0,5,3.820179611587394e-07,-1.0956490462282973e-08,3.469892434929647e-10,3.823649504022324e-07
Glas,<mean_over_trials>,<mean_over_trials>,125.0,5.0,-1,100,True,0.1089446784345727,1.2452433726146819,0.2497038415669307,1.2184136531495837,1.25,1.2437378496590819,11.581923998924793,14.329332103171327,-0.6262150340918149,6.581923998924793,-45.0,4,3.7925974530773077e-07,-7.781281998991757e-08,1.5998977833938863e-08,3.9525872314166963e-07
Glas,<mean_over_trials>,<mean_over_trials>,125.0,10.0,-1,100,True,0.2170602220836629,1.23100969126526,0.23525577830708555,1.2203965025468206,1.25,1.2428647974157867,10.911065970535379,2.106461585343872,-0.7135202584213296,0.9110659705353896,-45.0,4,3.787762390106423e-07,-7.309789915519347e-08,1.4140695728499044e-08,3.9291693473914133e-07
