preprocessing,object,distance_cm,angle_deg,band_center_hz,n_trials,snr_db_mean,snr_db_median,snr_db_std,snr_db_q25,snr_db_q75,signal_power_mean,total_power_mean,reference_noise_power_mean
bandpassed,Box,25,-10.0,40000.0,100,14.669634019722599,14.670982688554455,0.20336512478795604,14.549196242310048,14.783557807851972,20617.14567283296,21319.881383338932,702.735710505975
bandpassed,Box,25,-10.0,50000.0,100,23.083582979303355,23.084016810237447,0.1849824457447662,22.966651658116916,23.18928026705556,15344.758603544316,15420.130715898771,75.37211235445429
bandpassed,Box,25,-10.0,60000.0,100,18.097140946985164,18.11240767045691,0.1482202777823505,17.988582070433836,18.192185911801126,6057.973058313023,6151.807688432378,93.8346301193543
bandpassed,Box,25,-5.0,40000.0,100,15.954861537785707,15.964116417564195,0.11170344665760142,15.852117966222988,16.036373276277136,27696.208843728993,28398.944554234968,702.735710505975
bandpassed,Box,25,-5.0,50000.0,100,24.09914919008023,24.108350777758595,0.1052975662620145,24.009852277200608,24.17685954178397,19375.455115940225,19450.827228294675,75.37211235445429
bandpassed,Box,25,-5.0,60000.0,100,18.690900303123797,18.673775592871145,0.08098403378204327,18.634595285363126,18.746215591042308,6942.693892673139,7036.528522792493,93.8346301193543
bandpassed,Box,25,0.0,40000.0,100,18.834710620394173,18.822080005635808,0.11349745637942192,18.773944657418994,18.898383074055246,53753.971009693334,54456.706720199305,702.735710505975
bandpassed,Box,25,0.0,50000.0,100,26.897521402485754,26.87952551600737,0.11144908007908015,26.83532981122321,26.95915623975255,36906.689788790645,36982.0619011451,75.37211235445429
bandpassed,Box,25,0.0,60000.0,100,22.033779190994572,22.01399287147327,0.11962781545765783,21.951005268768597,22.105601426614964,14993.571496884,15087.406127003354,93.8346301193543
bandpassed,Box,25,5.0,40000.0,100,16.001995971485098,15.99011810241559,0.11331880535847075,15.931032419079639,16.06667769458145,27998.738446477517,28701.47415698349,702.735710505975
bandpassed,Box,25,5.0,50000.0,100,24.060147121996007,24.050834963092875,0.1121962896879919,23.982406318691403,24.118333136237464,19203.01411564863,19278.386228003088,75.37211235445429
bandpassed,Box,25,5.0,60000.0,100,18.25755090241305,18.245333662769383,0.1028620832128088,18.200020610524792,18.314920480571896,6284.0409302612325,6377.875560380588,93.8346301193543
bandpassed,Box,25,10.0,40000.0,100,15.194477727251018,15.189135683782013,0.11872695950204802,15.10016627105398,15.286728766155228,23248.787568675605,23951.52327918158,702.735710505975
bandpassed,Box,25,10.0,50000.0,100,23.288109463469585,23.275283569993462,0.11474064014930627,23.204548551024484,23.37226705899194,16075.766476848892,16151.138589203347,75.37211235445429
bandpassed,Box,25,10.0,60000.0,100,17.64802085456099,17.63496741930667,0.09321341251342462,17.587144786845425,17.703946258356524,5460.902553748098,5554.7371838674535,93.8346301193543
bandpassed,Box,50,-10.0,40000.0,100,18.855385793076447,18.846411510948055,0.1892551628878945,18.73641652731734,18.97635990087293,2904.42055309009,2942.1875909286314,37.76703783854097
bandpassed,Box,50,-10.0,50000.0,100,23.51055157922809,23.49741414617263,0.18288244032343082,23.398845951511557,23.62443561110731,2465.878670514469,2476.8569729986457,10.97830248417659
bandpassed,Box,50,-10.0,60000.0,100,24.337760954426525,24.323106923183307,0.19027156195366876,24.20288501953187,24.469979191860332,1200.1804730389536,1204.5967684018115,4.416295362857905
bandpassed,Box,50,-5.0,40000.0,100,24.0603452300721,24.06040327161245,0.12139668935443167,23.986678703949813,24.127227901520527,9623.11595281014,9660.88299064868,37.76703783854097
bandpassed,Box,50,-5.0,50000.0,100,27.92458123923294,27.927957537500042,0.1314460369958759,27.839925937102834,28.000221588400365,6810.680650824236,6821.658953308412,10.97830248417659
bandpassed,Box,50,-5.0,60000.0,100,27.36969970073043,27.369455047887207,0.15815524989904378,27.277266809480444,27.456955038389005,2411.643474543947,2416.059769906805,4.416295362857905
bandpassed,Box,50,0.0,40000.0,100,22.281665163420065,22.294074733643015,0.22107857305719586,22.149392378437565,22.405215289350817,6394.823111926986,6432.590149765527,37.76703783854097
bandpassed,Box,50,0.0,50000.0,100,27.308879051345865,27.32076147924824,0.15050422944687156,27.236148225735185,27.38884053052139,5911.239945773373,5922.21824825755,10.97830248417659
bandpassed,Box,50,0.0,60000.0,100,28.566484370082147,28.57062998246729,0.11927118383336274,28.49099104585245,28.639874049320046,3175.9123205170645,3180.3286158799224,4.416295362857905
bandpassed,Box,50,5.0,40000.0,100,22.48182853060462,22.48801927454989,0.15603683349048914,22.3748339608012,22.58694946588986,6692.254231513408,6730.02126935195,37.76703783854097
bandpassed,Box,50,5.0,50000.0,100,27.17512841318885,27.183251916869665,0.14262775301064035,27.090030124975186,27.282055475130363,5731.644200053224,5742.6225025374,10.97830248417659
bandpassed,Box,50,5.0,60000.0,100,27.955330507666087,27.956549826163826,0.13911129320982407,27.859688347302736,28.05814498673662,2759.377082342928,2763.7933777057856,4.416295362857905
bandpassed,Box,50,10.0,40000.0,100,20.68835001669049,20.73066130951841,0.1671449129742347,20.578547505120117,20.812453988989333,4428.573656239468,4466.340694078009,37.76703783854097
bandpassed,Box,50,10.0,50000.0,100,25.93502539636963,25.94977008740069,0.14395963135528173,25.849050891166307,26.042861195889557,4307.966997208254,4318.94529969243,10.97830248417659
bandpassed,Box,50,10.0,60000.0,100,27.756688663266495,27.780029456517376,0.19395465859615357,27.603730238189243,27.897988297188213,2637.2666999788216,2641.68299534168,4.416295362857905
bandpassed,Box,75,-10.0,40000.0,100,15.654940736715782,15.579443120771835,0.5160148654015714,15.297712552937371,15.945548353415992,546.5562921853536,561.3154699709256,14.759177785571971
bandpassed,Box,75,-10.0,50000.0,100,25.273379584715858,25.160994133738527,0.4482829496793763,24.971232506533944,25.537812732668534,574.6492835532093,576.3464757323446,1.6971921791353055
bandpassed,Box,75,-10.0,60000.0,100,26.17725388119218,26.098048624732826,0.3806503519734456,25.942248078820167,26.38968394975339,393.1294818049697,394.07381204039416,0.9443302354244298
bandpassed,Box,75,-5.0,40000.0,100,17.233479231876117,17.365625486339994,0.5947589792541276,16.951846639410526,17.66782575670819,787.6227107173772,802.3818885029491,14.759177785571971
bandpassed,Box,75,-5.0,50000.0,100,26.312322824535627,26.415591858384335,0.46605859145846473,26.071273430778746,26.63385686316256,730.0970291883663,731.7942213675016,1.6971921791353055
bandpassed,Box,75,-5.0,60000.0,100,26.50306332843791,26.567525729631868,0.34308609106133814,26.303010591251482,26.712594998877464,423.40107506682796,424.3454053022524,0.9443302354244298
bandpassed,Box,75,0.0,40000.0,100,14.698482144037818,14.738767515476546,0.5764969246667945,14.301208953759946,15.077521101458986,439.23633756397095,453.9955153495429,14.759177785571971
bandpassed,Box,75,0.0,50000.0,100,24.629021825088763,24.630940084494608,0.4541324969810365,24.351677549952598,24.926028756395166,495.4171086278053,497.1143008069405,1.6971921791353055
bandpassed,Box,75,0.0,60000.0,100,25.915858619453957,25.940278689175138,0.3231442868148243,25.742828827843226,26.10858596177098,369.72967994038066,370.6740101758051,0.9443302354244298
bandpassed,Box,75,5.0,40000.0,100,12.210778231329087,12.207546306219534,0.5269428625234515,11.846471772907417,12.575800646917601,247.36503024349634,262.1242080290683,14.759177785571971
bandpassed,Box,75,5.0,50000.0,100,22.353760073097057,22.339038089392044,0.3989472351127819,22.089390617751945,22.579345860161947,293.0461037367384,294.7432959158738,1.6971921791353055
bandpassed,Box,75,5.0,60000.0,100,23.54215451462845,23.544489163703233,0.3004284550999617,23.33617227279059,23.738091488122556,213.97830928218565,214.92263951761004,0.9443302354244298
bandpassed,Box,75,10.0,40000.0,100,15.122200042780598,15.127454796883093,0.3932946789306358,14.830009673190446,15.407223659301254,481.9917470574208,496.75092484299284,14.759177785571971
bandpassed,Box,75,10.0,50000.0,100,25.666348006296772,25.69352842121997,0.33935383272142594,25.381247934273674,25.957740104321626,627.5882188020066,629.2854109811419,1.6971921791353055
bandpassed,Box,75,10.0,60000.0,100,27.54040184487354,27.55251400401734,0.31639859438998336,27.302719359932706,27.785515370154062,537.4028600257675,538.3471902611918,0.9443302354244298
bandpassed,Box,100,-10.0,40000.0,100,15.394483109994859,15.304813687465368,0.6975406855684089,14.90658558571578,15.863466046667703,96.28357967902797,99.02821573737596,2.7446360583479934
bandpassed,Box,100,-10.0,50000.0,100,20.908209945241673,20.86069714470277,0.5759254374031273,20.596779718630682,21.269575567230106,93.9551433754127,94.7107049591932,0.755561583780484
bandpassed,Box,100,-10.0,60000.0,100,24.785077613685576,24.762931282523954,0.5299456064200403,24.499584445250477,25.10222902789425,57.21878943623131,57.40751764113324,0.1887282049019211
bandpassed,Box,100,-5.0,40000.0,100,16.62567755274349,16.576428350752792,0.5485838173738748,16.276194545270286,16.94271802295777,127.2261800649591,129.9708161233071,2.7446360583479934
bandpassed,Box,100,-5.0,50000.0,100,21.727798129677048,21.644072737194783,0.4968935951563925,21.39404434881869,22.000332436339733,113.22469926490457,113.98026084868506,0.755561583780484
bandpassed,Box,100,-5.0,60000.0,100,25.37554403109921,25.27706722531655,0.43048357894622274,25.073021066975635,25.64980025273679,65.39619529366591,65.58492349856782,0.1887282049019211
bandpassed,Box,100,0.0,40000.0,100,20.8075911378936,20.899986993268314,0.4647940529809117,20.5930957975936,21.155563308400886,332.360662302061,335.105298360409,2.7446360583479934
bandpassed,Box,100,0.0,50000.0,100,24.434606440456193,24.49401416954444,0.40903332035276224,24.130966473188252,24.758760620716547,210.66775600538733,211.42331758916782,0.755561583780484
bandpassed,Box,100,0.0,60000.0,100,26.26028152748038,26.27401215342232,0.4354247077576584,25.90504380146912,26.571645646859707,80.17083442266761,80.35956262756955,0.1887282049019211
bandpassed,Box,100,5.0,40000.0,100,10.645653852013977,10.73614893602884,1.1270873295129915,10.155735490977747,11.442734532172652,32.88879944570964,35.63343550405763,2.7446360583479934
bandpassed,Box,100,5.0,50000.0,100,16.68927518642408,16.65290937467436,0.5379983445211305,16.330516991137614,17.009794332644,35.52618904001184,36.281750623792334,0.755561583780484
bandpassed,Box,100,5.0,60000.0,100,21.49610154551289,21.44530592102162,0.41893859287836566,21.24252475699072,21.763786399002228,26.75773557144797,26.946463776349887,0.1887282049019211
bandpassed,Box,100,10.0,40000.0,100,13.871233893680945,13.79317437640748,0.38951441139290843,13.651878223898068,14.144418905689758,67.19719014588513,69.94182620423312,2.7446360583479934
bandpassed,Box,100,10.0,50000.0,100,22.14108331572342,22.036516604112066,0.3778158849453667,21.911051474949293,22.466680552966,124.16867082898307,124.92423241276356,0.755561583780484
bandpassed,Box,100,10.0,60000.0,100,28.58718903157001,28.532389028043518,0.3656875987342726,28.346210571290932,28.927143807520338,136.79569402908965,136.98442223399158,0.1887282049019211
bandpassed,Box,125,-10.0,40000.0,100,8.606237866006282,8.67420845495516,0.9889416175592961,8.021595041825305,9.268179694349666,26.38413901221545,29.931808213811415,3.547669201595964
bandpassed,Box,125,-10.0,50000.0,100,22.89531479276316,22.919856821173276,0.6480147313997028,22.457637440236354,23.34266134458733,26.32313406814176,26.45681436443564,0.1336802962938819
bandpassed,Box,125,-10.0,60000.0,100,17.396796392926486,17.399948760378216,0.5255944183188959,17.029169737423427,17.77963609240497,16.745718191618565,17.04849583054513,0.3027776389265652
bandpassed,Box,125,-5.0,40000.0,100,11.970446111984465,12.049988497790462,0.6824122462093205,11.759152059537174,12.36732310269572,56.498716947378846,60.046386148974804,3.547669201595964
bandpassed,Box,125,-5.0,50000.0,100,24.975679937201438,25.038906273730817,0.5577857692061992,24.78929699364928,25.318585054210423,42.37189883288383,42.505579129177704,0.1336802962938819
bandpassed,Box,125,-5.0,60000.0,100,17.61578549293622,17.649937657928916,0.39009156605868944,17.39323608644277,17.884924491187675,17.555618102978034,17.858395741904598,0.3027776389265652
bandpassed,Box,125,0.0,40000.0,100,19.948912004608736,20.04410451346736,0.5675826579051995,19.73375642571108,20.288614551498416,353.4497936397951,356.99746284139104,3.547669201595964
bandpassed,Box,125,0.0,50000.0,100,32.073250519130745,32.149014752377546,0.5911579817940604,31.83642342345543,32.44184673625481,217.36257824947577,217.49625854576962,0.1336802962938819
bandpassed,Box,125,0.0,60000.0,100,22.7427704413996,22.799666646014188,0.6327653258879629,22.473733550031397,23.151331331741964,57.51342484998727,57.81620248891384,0.3027776389265652
bandpassed,Box,125,5.0,40000.0,100,6.409443188828362,6.459445198332174,0.9478461448338779,5.698894969941616,7.057531202154475,15.882316018568144,19.42998522016411,3.547669201595964
bandpassed,Box,125,5.0,50000.0,100,21.898600669336496,21.863102172407732,0.5026749429643838,21.562026225704514,22.22258943498205,20.83537882376689,20.969059120060773,0.1336802962938819
bandpassed,Box,125,5.0,60000.0,100,17.7751819142155,17.77111487346165,0.47991095325233896,17.47114416581398,18.057133051814958,18.251015043742473,18.553792682669037,0.3027776389265652
bandpassed,Box,125,10.0,40000.0,100,10.046471178346,10.055033047454454,0.7311075641201329,9.520210886584266,10.50275921866313,36.372683354499266,39.92035255609524,3.547669201595964
bandpassed,Box,125,10.0,50000.0,100,25.95269183091247,25.875667299688715,0.5177099257422348,25.546772635093806,26.304592169451787,53.01877528027902,53.15245557657291,0.1336802962938819
bandpassed,Box,125,10.0,60000.0,100,21.866542716195042,21.784278619083192,0.5349310905472654,21.509059324022036,22.176927208795,46.88921890716041,47.191996546086976,0.3027776389265652
bandpassed,Dose,25,-10.0,40000.0,100,7.182446263477334,7.1445722788358195,0.3106661095738689,6.996466155947775,7.444306864705377,3682.3944774982174,4385.130188004192,702.735710505975
bandpassed,Dose,25,-10.0,50000.0,100,16.394580424422365,16.375731525780584,0.2169975755475815,16.26539072575801,16.579941623241737,3290.056136375906,3365.42824873036,75.37211235445429
bandpassed,Dose,25,-10.0,60000.0,100,12.023870778831743,12.035582571279381,0.10679236202600935,11.950506239880898,12.111179908915648,1495.82175505132,1589.6563851706742,93.8346301193543
bandpassed,Dose,25,-5.0,40000.0,100,7.125401044025234,7.124845339280434,0.16961485521758457,6.97060084147586,7.253757453586815,3627.943684717462,4330.6793952234375,702.735710505975
bandpassed,Dose,25,-5.0,50000.0,100,15.6303946491437,15.630725253830118,0.1308862360684791,15.513140320199438,15.72597000425512,2757.0568950619213,2832.429007416375,75.37211235445429
bandpassed,Dose,25,-5.0,60000.0,100,9.834041977580009,9.810149078948506,0.09914465278606661,9.762999227773758,9.905959536920486,903.3989357574981,997.2335658768524,93.8346301193543
bandpassed,Dose,25,0.0,40000.0,100,7.980425667108047,7.967151646611927,0.06606302786973878,7.9409710973161305,8.005838132109186,4414.534250499853,5117.269961005829,702.735710505975
bandpassed,Dose,25,0.0,50000.0,100,17.294095381707532,17.27989840010209,0.05406783396630287,17.260953092653114,17.31684969821869,4042.534839680269,4117.906952034723,75.37211235445429
bandpassed,Dose,25,0.0,60000.0,100,12.795310214490117,12.786999596194542,0.06358729806190824,12.743640438644341,12.83734798797028,1786.242365798561,1880.0769959179152,93.8346301193543
bandpassed,Dose,25,5.0,40000.0,100,3.286826384069307,3.279227172600443,0.08845443613890083,3.2171631989361194,3.3518116858136624,1498.1806187710297,2200.9163292770045,702.735710505975
bandpassed,Dose,25,5.0,50000.0,100,14.415855785462309,14.407105784139985,0.0551349336849249,14.37257658938788,14.458895561478963,2083.679861034446,2159.0519733889,75.37211235445429
bandpassed,Dose,25,5.0,60000.0,100,11.36381640509107,11.378837810624162,0.06893196943148583,11.340703760214309,11.404450738839616,1284.6903911325894,1378.5250212519438,93.8346301193543
bandpassed,Dose,25,10.0,40000.0,100,2.560245386208428,2.636020106136531,0.30359855141881714,2.5381523193520685,2.6975525731146446,1270.033192127092,1972.768902633067,702.735710505975
bandpassed,Dose,25,10.0,50000.0,100,13.873773867256503,13.932018906861622,0.18544786647824782,13.891936579320937,13.968174483345358,1840.6341559656962,1916.0062683201506,75.37211235445429
bandpassed,Dose,25,10.0,60000.0,100,10.91731303855934,10.947213383766139,0.15090574357243994,10.89219166053801,11.024376129743588,1159.7078746694458,1253.5425047888002,93.8346301193543
bandpassed,Dose,50,-10.0,40000.0,100,9.963088477689244,9.938323733913107,0.15977416552214657,9.837018327626977,10.066698334524592,374.72650696488927,412.4935448034302,37.76703783854097
bandpassed,Dose,50,-10.0,50000.0,100,13.836650161700188,13.81673789956766,0.118790661272795,13.752092905312125,13.903000455510389,265.6819544878665,276.6602569720431,10.97830248417659
bandpassed,Dose,50,-10.0,60000.0,100,13.341564463113311,13.366657440822415,0.13275122482517326,13.232956697001525,13.447229552508102,95.37067489403653,99.78697025689443,4.416295362857905
bandpassed,Dose,50,-5.0,40000.0,100,8.230161133868451,8.210235825526293,0.3755535735101885,7.980992581839504,8.541845712061953,252.18547876598916,289.95251660453016,37.76703783854097
bandpassed,Dose,50,-5.0,50000.0,100,12.582324385910761,12.564978750303986,0.39374044621302656,12.297624053345563,12.910422470153483,199.76673301182004,210.74503549599663,10.97830248417659
bandpassed,Dose,50,-5.0,60000.0,100,13.055708338301558,13.050350997650519,0.4483448588166447,12.705972111901545,13.43116649989863,89.72538111335598,94.14167647621389,4.416295362857905
bandpassed,Dose,50,0.0,40000.0,100,13.896883480250244,13.899949162073566,0.07082013372545536,13.853109992998178,13.945277046258436,926.5273978346115,964.2944356731525,37.76703783854097
bandpassed,Dose,50,0.0,50000.0,100,17.682215099948223,17.684672852689246,0.08363391066211215,17.638034446296352,17.740103228347728,643.9263345774958,654.9046370616724,10.97830248417659
bandpassed,Dose,50,0.0,60000.0,100,17.097043564443027,17.106837782193246,0.13988317081337195,17.026053673711985,17.17808948566185,226.45630950884316,230.87260487170107,4.416295362857905
bandpassed,Dose,50,5.0,40000.0,100,11.336252677735175,11.324614456310382,0.15941311438950437,11.224558884512806,11.462604714642449,514.0760547246543,551.8430925631953,37.76703783854097
bandpassed,Dose,50,5.0,50000.0,100,15.858480642457348,15.874066405965616,0.1209220581494793,15.77248417361226,15.949931945045906,423.20361211069115,434.18191459486775,10.97830248417659
bandpassed,Dose,50,5.0,60000.0,100,16.66259526223644,16.665251315760827,0.15553745415545908,16.588096462106176,16.754431224054873,204.92379883528983,209.3400941981477,4.416295362857905
bandpassed,Dose,50,10.0,40000.0,100,10.02929092835016,10.047306777175972,0.16048618262268763,9.945729556654179,10.128322873618202,380.48092266581824,418.24796050435924,37.76703783854097
bandpassed,Dose,50,10.0,50000.0,100,14.558085036549688,14.558184712408922,0.11046999204767108,14.496479251966973,14.629407627680433,313.6766086671767,324.6549111513533,10.97830248417659
bandpassed,Dose,50,10.0,60000.0,100,15.526903109944504,15.527562561056207,0.1514065537900131,15.435287750765054,15.642022263099578,157.76385059661794,162.18014595947585,4.416295362857905
bandpassed,Dose,75,-10.0,40000.0,100,8.304741541773103,8.315479261324707,0.27636655476520644,8.121213473353414,8.514493547935182,100.09357129177215,114.85274907734413,14.759177785571971
bandpassed,Dose,75,-10.0,50000.0,100,17.339335498696997,17.351731806203837,0.21520926649190553,17.188487944810735,17.48660774678271,92.08607944270688,93.78327162184218,1.6971921791353055
bandpassed,Dose,75,-10.0,60000.0,100,16.235021337624733,16.246225486348337,0.2165438354450761,16.086811259419072,16.376329622913772,39.734124723025026,40.67845495844946,0.9443302354244298
bandpassed,Dose,75,-5.0,40000.0,100,7.636057497036353,7.591496067263041,0.2200985747370426,7.479189989435459,7.759128862528293,85.74807144221886,100.50724922779084,14.759177785571971
bandpassed,Dose,75,-5.0,50000.0,100,16.707138603289682,16.669247588545556,0.18528954347697926,16.577012577139996,16.807937934202954,79.58652041232554,81.28371259146084,1.6971921791353055
bandpassed,Dose,75,-5.0,60000.0,100,15.655299918946284,15.643626235911153,0.18673482220057333,15.51085233503947,15.757251516630074,34.7580439754243,35.70237421084873,0.9443302354244298
bandpassed,Dose,75,0.0,40000.0,100,11.174215160620323,11.186169330708388,0.20383433117919186,11.095552687634132,11.318035121629528,193.61947829737593,208.37865608294788,14.759177785571971
bandpassed,Dose,75,0.0,50000.0,100,19.116947364939186,19.129128209778806,0.22295345842042866,19.0359907417834,19.277556608160264,138.66959318444287,140.36678536357817,1.6971921791353055
bandpassed,Dose,75,0.0,60000.0,100,16.997799306836583,17.013139665889106,0.2866712606299427,16.911860499752358,17.197101690246924,47.40445966294428,48.34878989836871,0.9443302354244298
bandpassed,Dose,75,5.0,40000.0,100,10.91089500696902,10.923968531520323,0.2906019490066979,10.731118700221753,11.099241557960234,182.42742330886907,197.18660109444102,14.759177785571971
bandpassed,Dose,75,5.0,50000.0,100,19.294381014214206,19.319985702606523,0.28521163129094323,19.117541652376552,19.468679517476943,144.56928929372353,146.26648147285883,1.6971921791353055
bandpassed,Dose,75,5.0,60000.0,100,17.6959015089676,17.72198717480084,0.31383914037869537,17.504009723891407,17.9087908913266,55.69453225211744,56.63886248754187,0.9443302354244298
bandpassed,Dose,75,10.0,40000.0,100,7.2979654497188085,7.378767272055135,0.36864539287631415,7.205115723594047,7.52252787290574,79.49874486892607,94.25792265449803,14.759177785571971
bandpassed,Dose,75,10.0,50000.0,100,16.05424116337852,16.179138678046563,0.3786484323260301,16.005998038874928,16.28904924145239,68.66431407286383,70.36150625199913,1.6971921791353055
bandpassed,Dose,75,10.0,60000.0,100,15.166487484890427,15.34124313490191,0.46524005792427325,15.140805809626455,15.471637487744786,31.19846805280225,32.14279828822668,0.9443302354244298
bandpassed,Dose,100,-10.0,40000.0,100,9.015151763637814,9.087663252545525,0.3601278744471182,8.805858509374126,9.244493991307149,21.950255187068006,24.694891245416,2.7446360583479934
bandpassed,Dose,100,-10.0,50000.0,100,14.21255427652359,14.20293099552781,0.24587942841214386,14.05447175055189,14.382220443069926,19.962497843181428,20.718059426961915,0.755561583780484
bandpassed,Dose,100,-10.0,60000.0,100,17.45598846361094,17.486625289449886,0.324589006688249,17.26393747202126,17.683097054335303,10.534661054285543,10.723389259187464,0.1887282049019211
bandpassed,Dose,100,-5.0,40000.0,100,7.683676112844854,7.669119443808251,0.3663368823185257,7.462259368139915,7.8850070962601535,16.1577868831939,18.902422941541897,2.7446360583479934
bandpassed,Dose,100,-5.0,50000.0,100,12.049357374959168,12.142313412626287,0.41630025471600446,11.814951449382479,12.302505147101755,12.16584127495892,12.921402858739405,0.755561583780484
bandpassed,Dose,100,-5.0,60000.0,100,14.591879491510277,14.874716963113453,0.9484082027971179,14.516262080361432,15.179240497365685,5.548718615936274,5.737446820838195,0.1887282049019211
bandpassed,Dose,100,0.0,40000.0,100,13.660026493480805,13.746760329865594,0.35302066626409123,13.459316011855618,13.907729490173434,63.954728661153304,66.69936471950129,2.7446360583479934
bandpassed,Dose,100,0.0,50000.0,100,17.854172654613773,17.95345741461629,0.39122574932312615,17.659088176841234,18.151598018189485,46.27813955597422,47.033701139754704,0.755561583780484
bandpassed,Dose,100,0.0,60000.0,100,19.68234493863909,19.77228379930369,0.44603690570700005,19.542888899628878,20.005339709041703,17.62961963171395,17.81834783661587,0.1887282049019211
bandpassed,Dose,100,5.0,40000.0,100,10.40408726100591,10.48825175046479,0.43488444038972834,10.214440362704169,10.72102889332175,30.267710168805735,33.01234622715373,2.7446360583479934
bandpassed,Dose,100,5.0,50000.0,100,15.510923098663762,15.619379072303587,0.48442413562594455,15.381221032502541,15.848540688782776,27.034173476027572,27.78973505980806,0.755561583780484
bandpassed,Dose,100,5.0,60000.0,100,18.42867189601875,18.545007643723174,0.6460169915453199,18.325580244919916,18.85599529126299,13.277330923628199,13.46605912853012,0.1887282049019211
bandpassed,Dose,100,10.0,40000.0,100,4.761365260180577,4.782402129103558,0.5359120634599462,4.456971859988366,5.10545326002215,8.276667351896132,11.021303410244125,2.7446360583479934
bandpassed,Dose,100,10.0,50000.0,100,11.368918926126371,11.505349099105345,0.5481460484952767,11.109514280512988,11.761645418269964,10.434462133663251,11.190023717443735,0.755561583780484
bandpassed,Dose,100,10.0,60000.0,100,16.207349424114078,16.385857626704748,0.6338734565349624,15.919736933355784,16.631480536482332,7.960750854134602,8.149479059036523,0.1887282049019211
bandpassed,Dose,125,-10.0,40000.0,100,5.689110033720038,5.704264424121458,0.9359114966086973,5.255122369970743,6.1500677582271726,13.444423375512196,16.992092577108163,3.547669201595964
bandpassed,Dose,125,-10.0,50000.0,100,19.30715914933843,19.317331341307586,0.6940516519642456,18.96237971752138,19.61573748842396,11.539727880477146,11.673408176771028,0.1336802962938819
bandpassed,Dose,125,-10.0,60000.0,100,11.252878644201212,11.26380354086941,0.6374152763132861,10.966416564245996,11.533597693898923,4.083297155156551,4.386074794083116,0.3027776389265652
bandpassed,Dose,125,-5.0,40000.0,100,9.039252085715228,9.132337910873016,0.4640146345551327,8.743755345639329,9.349964801730009,28.59399289427607,32.141662095872036,3.547669201595964
bandpassed,Dose,125,-5.0,50000.0,100,21.70060169032054,21.77090594223626,0.4248362792768417,21.421687887528446,22.016085363955007,19.867708493551206,20.001388789845084,0.1336802962938819
bandpassed,Dose,125,-5.0,60000.0,100,12.812058477294274,12.880652167363138,0.4518712604726971,12.52033972200634,13.140612040757498,5.815849355507399,6.1186269944339635,0.3027776389265652
bandpassed,Dose,125,0.0,40000.0,100,11.847126103008804,11.854316164430111,0.26463717462303965,11.7037066258067,11.998997652591168,54.380950088982125,57.9286192905781,3.547669201595964
bandpassed,Dose,125,0.0,50000.0,100,24.358649444476672,24.366166319848183,0.25574300715885584,24.211377664242796,24.50696557076852,36.53186463025595,36.665544926549835,0.1336802962938819
bandpassed,Dose,125,0.0,60000.0,100,15.471485926347821,15.477329359469362,0.29322276231847805,15.311817220477286,15.654719481546564,10.696470213509988,10.999247852436554,0.3027776389265652
bandpassed,Dose,125,5.0,40000.0,100,9.4358340379203,9.485663283495022,0.4419680391904449,9.166865351316389,9.680559209948827,31.312774935838227,34.8604441374342,3.547669201595964
bandpassed,Dose,125,5.0,50000.0,100,22.334340389426064,22.343621375617353,0.42340516331773415,22.065154403983136,22.55161459940591,22.989454594462988,23.12313489075687,0.1336802962938819
bandpassed,Dose,125,5.0,60000.0,100,13.804546733451684,13.791163720664771,0.5473681277769368,13.540955561705335,14.093717240182793,7.327919244583535,7.6306968835101,0.3027776389265652
bandpassed,Dose,125,10.0,40000.0,100,8.677233025360326,8.792637822001328,0.42600675586438247,8.493679553205942,8.966008043200826,26.283257931242456,29.83092713283842,3.547669201595964
bandpassed,Dose,125,10.0,50000.0,100,21.595141538131166,21.7287206827482,0.4214987420826277,21.477754490885914,21.860107892995075,19.38841417729122,19.522094473585106,0.1336802962938819
bandpassed,Dose,125,10.0,60000.0,100,13.296539763602757,13.520376223197665,0.6083752172512515,13.15173642042662,13.70254314226578,6.527804569033915,6.83058220796048,0.3027776389265652
bandpassed,Glas,25,-10.0,40000.0,100,14.729472301874289,14.716804451710935,0.056920638651762716,14.694216611753461,14.7676219044893,20882.198607229882,21584.934317735857,702.735710505975
bandpassed,Glas,25,-10.0,50000.0,100,24.012940218070618,24.011486904797437,0.04425287015480716,23.986859977776728,24.044816876301375,18990.08922820256,19065.461340557013,75.37211235445429
bandpassed,Glas,25,-10.0,60000.0,100,20.709641597463843,20.7155217244592,0.04060111536124775,20.687104930734446,20.73963835051136,11049.587627718993,11143.422257838349,93.8346301193543
bandpassed,Glas,25,-5.0,40000.0,100,17.195302819972586,17.191232732232187,0.059424201936307895,17.17027303764745,17.22201333042173,36843.64157737756,37546.37728788354,702.735710505975
bandpassed,Glas,25,-5.0,50000.0,100,25.758626209344232,25.756819544690728,0.062240447304020584,25.73491052211554,25.78734377698906,28386.86196483906,28462.23407719351,75.37211235445429
bandpassed,Glas,25,-5.0,60000.0,100,21.520351503368087,21.51457238897633,0.08283123669774631,21.494556821324913,21.558233942962836,13319.124988448666,13412.959618568022,93.8346301193543
bandpassed,Glas,25,0.0,40000.0,100,14.41150980051606,14.416168691314873,0.06777726920201058,14.376363972207061,14.44390123235719,19408.65835844642,20111.394068952395,702.735710505975
bandpassed,Glas,25,0.0,50000.0,100,23.61553186802132,23.61777446002442,0.04612387901177105,23.58884767168835,23.638471217326167,17329.58441847119,17404.95653082564,75.37211235445429
bandpassed,Glas,25,0.0,60000.0,100,20.37759397135324,20.380742667030997,0.03337658359213502,20.363158195594977,20.39622270189117,10236.116640427317,10329.951270546671,93.8346301193543
bandpassed,Glas,25,5.0,40000.0,100,13.29562986424295,13.293564413812359,0.05336292657714035,13.266445964298931,13.331490787245848,15010.233181387603,15712.968891893579,702.735710505975
bandpassed,Glas,25,5.0,50000.0,100,23.227533179543105,23.227523352066587,0.04978244784530223,23.19728986662453,23.261229065130625,15848.647941959214,15924.020054313669,75.37211235445429
bandpassed,Glas,25,5.0,60000.0,100,20.05852913658324,20.062418522455204,0.04928442728286717,20.031870374057384,20.09338250631461,9511.383620870169,9605.218250989525,93.8346301193543
bandpassed,Glas,25,10.0,40000.0,100,8.690907962772089,8.678981735316256,0.059887828840872764,8.658220041198952,8.711447795477449,5199.051532275812,5901.787242781787,702.735710505975
bandpassed,Glas,25,10.0,50000.0,100,19.97224671138996,19.96814300109088,0.03539967186932845,19.94671970324329,19.991702370493424,7489.445353898857,7564.817466253312,75.37211235445429
bandpassed,Glas,25,10.0,60000.0,100,17.950830293184325,17.95440475804891,0.02997193287431089,17.931210030904264,17.96845901842827,5854.049787906971,5947.884418026325,93.8346301193543
bandpassed,Glas,50,-10.0,40000.0,100,19.79260201323314,19.795583053221243,0.1059350932340194,19.734034866955145,19.839488732758042,3601.646636240952,3639.413674079493,37.76703783854097
bandpassed,Glas,50,-10.0,50000.0,100,23.858350918283712,23.86459775164284,0.1074889773023602,23.801971924841233,23.911284275876078,2669.9430911794607,2680.9213936636374,10.97830248417659
bandpassed,Glas,50,-10.0,60000.0,100,23.64874528324018,23.64764878152978,0.11510119184103577,23.584870750733238,23.711434222731885,1023.4899493750395,1027.9062447378974,4.416295362857905
bandpassed,Glas,50,-5.0,40000.0,100,20.744362457913184,20.752014869443652,0.13763027507716477,20.68731593291647,20.81742164444173,4485.017690927695,4522.784728766236,37.76703783854097
bandpassed,Glas,50,-5.0,50000.0,100,24.46295522056049,24.46922275343256,0.14252143357005803,24.40846710847682,24.537304518376693,3069.4535941178033,3080.43189660198,10.97830248417659
bandpassed,Glas,50,-5.0,60000.0,100,24.004550016069842,24.01636320583001,0.14475459723825373,23.94324163758837,24.079164187984176,1111.0937826443896,1115.5100780072476,4.416295362857905
bandpassed,Glas,50,0.0,40000.0,100,15.542547568745073,15.584406767336832,0.15167972837220242,15.433635188175092,15.654268012342305,1354.0272611004877,1391.7942989390285,37.76703783854097
bandpassed,Glas,50,0.0,50000.0,100,19.828467149294426,19.86207939210625,0.15578131848819587,19.727634357758276,19.939611920146355,1055.9797141391389,1066.9580166233154,10.97830248417659
bandpassed,Glas,50,0.0,60000.0,100,20.26268858909762,20.307404887781495,0.16178269814018914,20.158284743337965,20.367203010601838,469.4846272495734,473.90092261243126,4.416295362857905
bandpassed,Glas,50,5.0,40000.0,100,15.204463324406538,15.205600297923485,0.07320847515046042,15.158876563209649,15.262326098697667,1252.0463270413795,1289.8133648799205,37.76703783854097
bandpassed,Glas,50,5.0,50000.0,100,20.795101744763077,20.793843356974406,0.07915727346840523,20.735932060028723,20.85686439029982,1318.6114402498736,1329.58974273405,10.97830248417659
bandpassed,Glas,50,5.0,60000.0,100,22.260149039704093,22.257007554321028,0.09336031447074888,22.197780319474536,22.33008492577697,743.3141622232273,747.7304575860852,4.416295362857905
bandpassed,Glas,50,10.0,40000.0,100,14.372402153097845,14.382168638092454,0.06427400575141846,14.33135828301249,14.411631623159812,1033.7134441313078,1071.4804819698488,37.76703783854097
bandpassed,Glas,50,10.0,50000.0,100,20.011037644395184,20.013079995934703,0.07747530695058213,19.968911609121474,20.06635250922753,1100.7969673539571,1111.7752698381337,10.97830248417659
bandpassed,Glas,50,10.0,60000.0,100,22.17333900156641,22.16985799513993,0.09345698880351751,22.11643993455545,22.22841076872376,728.6038240423692,733.0201194052272,4.416295362857905
bandpassed,Glas,75,-10.0,40000.0,100,17.98945395472807,17.99394653437017,0.13702212819994808,17.92052455397815,18.067021697967668,929.4403821718989,944.199559957471,14.759177785571971
bandpassed,Glas,75,-10.0,50000.0,100,26.623895456036895,26.626239572364682,0.12323475074180698,26.570159163544044,26.697380816623873,780.3577912024306,782.0549833815659,1.6971921791353055
bandpassed,Glas,75,-10.0,60000.0,100,25.94695044766359,25.94849037281798,0.11482279414039276,25.877563207311887,26.00565969933157,371.50894065968083,372.45327089510533,0.9443302354244298
bandpassed,Glas,75,-5.0,40000.0,100,18.84169810296285,18.86681479591475,0.16118858140427195,18.738747845836784,18.950312048713847,1131.1657379386022,1145.9249157241738,14.759177785571971
bandpassed,Glas,75,-5.0,50000.0,100,26.885232498357514,26.91123679055346,0.15981297543224982,26.78282512379771,27.001733544505754,828.9790401316584,830.6762323107937,1.6971921791353055
bandpassed,Glas,75,-5.0,60000.0,100,25.71929618739521,25.763183151881492,0.1916815749796177,25.596929199911198,25.86661055537906,352.7509035011951,353.6952337366196,0.9443302354244298
bandpassed,Glas,75,0.0,40000.0,100,17.073257400012395,17.101131912615372,0.1871285278734827,16.97219765209714,17.18140523688836,752.9838794970643,767.7430572826363,14.759177785571971
bandpassed,Glas,75,0.0,50000.0,100,25.53128315306541,25.562383286935507,0.17984795566257505,25.40464012471762,25.626215049283786,607.0528243663853,608.7500165455206,1.6971921791353055
bandpassed,Glas,75,0.0,60000.0,100,24.783144707742075,24.8067846354143,0.18407285505433382,24.67084028135272,24.873262248489134,284.32986405204224,285.2741942874667,0.9443302354244298
bandpassed,Glas,75,5.0,40000.0,100,9.845255765161552,9.934645568631943,0.3340484480182867,9.659965559881668,10.105346849136481,142.83469189136702,157.59386967693897,14.759177785571971
bandpassed,Glas,75,5.0,50000.0,100,18.116980978669748,18.214992726048877,0.3564298525596193,17.85484528168154,18.399412786495247,110.36836058230583,112.06555276144113,1.6971921791353055
bandpassed,Glas,75,5.0,60000.0,100,16.74788997103907,16.93305659879732,0.5519575141280507,16.30531973434423,17.12794526900095,45.00490195120837,45.9492321866328,0.9443302354244298
bandpassed,Glas,75,10.0,40000.0,100,8.193925013694145,8.214876492272573,0.23672137633929116,8.041021556375318,8.340984881562422,97.51969512511691,112.27887291068888,14.759177785571971
bandpassed,Glas,75,10.0,50000.0,100,16.989477716186624,16.9871923038688,0.2178064519125965,16.850129534503246,17.15223156397606,84.96070609240479,86.65789827154009,1.6971921791353055
bandpassed,Glas,75,10.0,60000.0,100,16.83883783751993,16.845275242437335,0.29650218126101247,16.669267046251623,17.050664655088447,45.70870382517418,46.653034060598614,0.9443302354244298
bandpassed,Glas,100,-10.0,40000.0,100,15.66869294580141,15.640839195985686,0.2019900273289734,15.50300778076265,15.779160927984131,101.34993534551364,104.09457140386165,2.7446360583479934
bandpassed,Glas,100,-10.0,50000.0,100,20.006802984397233,19.991138336912996,0.17544580186989328,19.889710280314535,20.140603128636574,75.73591968400368,76.49148126778417,0.755561583780484
bandpassed,Glas,100,-10.0,60000.0,100,22.714865891316446,22.74429452987908,0.2659765955761944,22.5724990277461,22.865328949887513,35.32843940233031,35.51716760723224,0.1887282049019211
bandpassed,Glas,100,-5.0,40000.0,100,20.922082076326657,20.99660188437359,0.2961268384182174,20.913935226904975,21.08553452774126,340.13303992473834,342.8776759830863,2.7446360583479934
bandpassed,Glas,100,-5.0,50000.0,100,25.02320110477677,25.09249896323981,0.2698907567554273,25.01196786131651,25.168695609957457,240.65160168265086,241.40716326643135,0.755561583780484
bandpassed,Glas,100,-5.0,60000.0,100,26.914651137043478,26.96701612613559,0.2144724073215234,26.881785899540343,27.036225102091024,92.85698435079668,93.04571255569861,0.1887282049019211
bandpassed,Glas,100,0.0,40000.0,100,21.286989473006738,21.294223956805034,0.26163089824195107,21.168642137232467,21.468533000120786,369.7881241313319,372.53276018967995,2.7446360583479934
bandpassed,Glas,100,0.0,50000.0,100,25.29372867484635,25.295840316044092,0.31151103460919083,25.15931221202266,25.52015379081506,256.288916571725,257.0444781555055,0.755561583780484
bandpassed,Glas,100,0.0,60000.0,100,26.94748043633599,26.93940912524802,0.3948673516245962,26.753421224036256,27.241734991180984,93.82693702594595,94.01566523084789,0.1887282049019211
bandpassed,Glas,100,5.0,40000.0,100,18.446895853514754,18.47901223072661,0.22633904103836425,18.356199082635683,18.572177415924898,192.19706248925374,194.94169854760173,2.7446360583479934
bandpassed,Glas,100,5.0,50000.0,100,23.08176618982237,23.111423602673074,0.22477610883932944,22.984508997994396,23.22392365135369,153.8194007527858,154.5749623365663,0.755561583780484
bandpassed,Glas,100,5.0,60000.0,100,25.5123430848109,25.57709322605369,0.26147288000050756,25.389123455937785,25.676427024428577,67.2718959553446,67.46062416024652,0.1887282049019211
bandpassed,Glas,100,10.0,40000.0,100,11.556033365609805,11.55832098853212,0.3166187391778526,11.375103974748978,11.78605340447961,39.374894301291874,42.11953035963987,2.7446360583479934
bandpassed,Glas,100,10.0,50000.0,100,16.985645451046267,17.00886400003491,0.31341049215321626,16.81405481779792,17.21007988484603,37.8391830668156,38.594744650596084,0.755561583780484
bandpassed,Glas,100,10.0,60000.0,100,20.874954235147435,20.902231731118327,0.34438543438512814,20.699561668270483,21.092461085421156,23.156370735075516,23.345098939977433,0.1887282049019211
bandpassed,Glas,125,-10.0,40000.0,100,17.542155421058272,17.522448331069125,0.20409569883100562,17.421280551033398,17.671092319897262,201.66781305824,205.21548225983597,3.547669201595964
bandpassed,Glas,125,-10.0,50000.0,100,30.534816402194213,30.492374463397013,0.19531326822881984,30.395492916722343,30.653031021704606,151.35196325497165,151.48564355126553,0.1336802962938819
bandpassed,Glas,125,-10.0,60000.0,100,22.94021400993017,22.893710057464006,0.20490107848415778,22.82947569937321,23.056293686994117,59.6524595516827,59.95523719060927,0.3027776389265652
bandpassed,Glas,125,-5.0,40000.0,100,14.50356008849089,14.567473477555158,0.3079495879757913,14.346567090297082,14.705010203653007,100.31381085829564,103.8614800598916,3.547669201595964
bandpassed,Glas,125,-5.0,50000.0,100,27.78597290496559,27.857995918839542,0.3034102374883706,27.641687843945146,27.97844540952751,80.48085977362973,80.61454006992362,0.1336802962938819
bandpassed,Glas,125,-5.0,60000.0,100,20.74770715441667,20.823050458559642,0.33688377309620404,20.577917622041035,20.96264844555549,36.070627733822924,36.37340537274949,0.3027776389265652
bandpassed,Glas,125,0.0,40000.0,100,14.432721402597416,14.457742037060758,0.15787140441521463,14.33622836488442,14.540771725732942,98.5139573392352,102.06162654083117,3.547669201595964
bandpassed,Glas,125,0.0,50000.0,100,28.074086592509644,28.11840720467569,0.17567232856046955,27.99220138613572,28.19633123340732,85.8662491715931,85.99992946788697,0.1336802962938819
bandpassed,Glas,125,0.0,60000.0,100,21.2322038969895,21.302949533570064,0.24668254531575054,21.141951163158666,21.398877466746168,40.27341588280608,40.57619352173264,0.3027776389265652
bandpassed,Glas,125,5.0,40000.0,100,11.9906506636706,12.056759818160623,0.3092219547531278,11.917652220170979,12.190263239107747,56.242604179942255,59.79027338153823,3.547669201595964
bandpassed,Glas,125,5.0,50000.0,100,25.478618165165813,25.562163842893135,0.32010772344289057,25.420982190113136,25.645119079856283,47.32187163398979,47.455551930283676,0.1336802962938819
bandpassed,Glas,125,5.0,60000.0,100,18.45585841385365,18.5564915352971,0.424629570036086,18.350320650626287,18.709745563669248,21.315469352903047,21.61824699182961,0.3027776389265652
bandpassed,Glas,125,10.0,40000.0,100,11.397702746970634,11.431259244854829,0.2030671822459012,11.290396297684445,11.52702392235036,48.99783086799725,52.54550006959322,3.547669201595964
bandpassed,Glas,125,10.0,50000.0,100,26.414902143826712,26.460607430275264,0.2011860979292999,26.35257120635172,26.546268389733353,58.61514031374613,58.74882061004002,0.1336802962938819
bandpassed,Glas,125,10.0,60000.0,100,21.583532365022208,21.624072641352782,0.23187599048585525,21.50317796282828,21.732019224123192,43.659241520701634,43.9620191596282,0.3027776389265652
detrended_only,Box,25,-10.0,,100,12.85372937224306,12.851090640607998,0.1903724733263347,12.736778074872959,12.967252298988216,22593.11209717844,23763.119901839018,1170.0078046605774
detrended_only,Box,25,-5.0,,100,14.093747338669662,14.096477609121663,0.10369349436550472,14.006366250383849,14.167603170851192,30039.038647082372,31209.04645174295,1170.0078046605774
detrended_only,Box,25,0.0,,100,17.14687676280067,17.129078600700815,0.10725893048999423,17.085598075752472,17.208586041803137,60674.76732732047,61844.77513198105,1170.0078046605774
detrended_only,Box,25,5.0,,100,13.993908192269924,13.979327587626859,0.10782065773802607,13.920474418188295,14.049532372841021,29357.057753673605,30527.065558334183,1170.0078046605774
detrended_only,Box,25,10.0,,100,13.231369714926124,13.221555423668413,0.1097121943699325,13.151150619567632,13.312193421584073,24629.910169966915,25799.917974627493,1170.0078046605774
detrended_only,Box,50,-10.0,,100,14.511332971583526,14.511163446697399,0.18554029461023228,14.39559472256819,14.629808152173318,3426.9345927995996,3548.1004480331494,121.16585523355
detrended_only,Box,50,-5.0,,100,19.316296017078077,19.314868995054404,0.12440249492575267,19.2411532620627,19.386171075554653,10355.869618904871,10477.035474138422,121.16585523355
detrended_only,Box,50,0.0,,100,18.172539342003997,18.1810008532942,0.16999137446498816,18.07527091591572,18.279748044500266,7960.857097454165,8082.022952687716,121.16585523355
detrended_only,Box,50,5.0,,100,18.1096551613061,18.119750090161254,0.1468554833464616,18.023360012733487,18.2139478619657,7844.959898880337,7966.1257541138875,121.16585523355
detrended_only,Box,50,10.0,,100,16.804478801058018,16.82165307315872,0.14661272895224833,16.704301174501428,16.90701613269183,5808.599159517601,5929.765014751152,121.16585523355
detrended_only,Box,75,-10.0,,100,12.879754494450406,12.77799236186345,0.44992727980620606,12.574179167570982,13.134972950156936,777.7937060566286,817.6539861773663,39.86028012073776
detrended_only,Box,75,-5.0,,100,14.007183339067529,14.125607224745774,0.5151719538551212,13.751349246274733,14.369705110559336,1009.7266155388414,1049.5868956595793,39.86028012073776
detrended_only,Box,75,0.0,,100,12.307931114006953,12.331249916743316,0.4085273914470445,12.086506924461235,12.56127835540282,681.1238626095844,720.9841427303222,39.86028012073776
detrended_only,Box,75,5.0,,100,9.685966259830646,9.653226620020622,0.4054642930017016,9.408930301329754,9.931231645572838,372.41902061369103,412.2793007344288,39.86028012073776
detrended_only,Box,75,10.0,,100,13.226656109914853,13.254437163798048,0.34192911973056567,12.93350897019869,13.521180149698468,840.4955614308035,880.3558415515414,39.86028012073776
detrended_only,Box,100,-10.0,,100,12.030327547667731,11.973154487916403,0.6287842704247781,11.627090400734984,12.444550518928526,124.66353282846077,132.3928590753005,7.729326246839716
detrended_only,Box,100,-5.0,,100,13.187274178613709,13.127064676389812,0.49697128584335776,12.844808988796084,13.481802351785758,162.09249424936283,169.82182049620258,7.729326246839716
detrended_only,Box,100,0.0,,100,16.902635936518042,16.978366887520338,0.4207368742102246,16.633529345566657,17.23368373881114,380.5082887458375,388.2376149926772,7.729326246839716
detrended_only,Box,100,5.0,,100,7.923165963623185,7.884259338645416,0.6335620780588388,7.533179610484672,8.292470862583645,48.4256420850942,56.15496833193392,7.729326246839716
detrended_only,Box,100,10.0,,100,13.336230238273282,13.310354020213055,0.34280239733715273,13.078938773440585,13.638211573378337,167.1491859501032,174.8785121969429,7.729326246839716
detrended_only,Box,125,-10.0,,100,3.6931199139074335,3.7323104575366246,0.8087263017085129,3.2397448039922994,4.252845958946359,37.369940197518275,53.0739802572382,15.704040059719926
detrended_only,Box,125,-5.0,,100,6.101461151804469,6.141099441321383,0.6014872062656679,5.866586094671261,6.483431864588329,64.58595188996347,80.2899919496834,15.704040059719926
detrended_only,Box,125,0.0,,100,13.667998890856696,13.750256504150878,0.5587361450794678,13.424003360377863,14.001241467758335,368.3025752686942,384.0066153284141,15.704040059719926
detrended_only,Box,125,5.0,,100,2.678596664881724,2.692140838615244,0.6170622610072442,2.2726356089827338,3.023391035819198,29.390063584871168,45.094103644591094,15.704040059719926
detrended_only,Box,125,10.0,,100,6.490870277748645,6.374008853364182,0.6534789807462513,6.067705503301584,6.865266183763578,70.82146170153405,86.52550176125398,15.704040059719926
detrended_only,Dose,25,-10.0,,100,5.527222424296883,5.501188462640441,0.26850782247297944,5.367523361500606,5.76209930659128,4185.3170534931005,5355.324858153678,1170.0078046605774
detrended_only,Dose,25,-5.0,,100,5.109937931129316,5.120661357309644,0.1661110849522207,4.956690741796688,5.23215455970144,3797.497216903516,4967.505021564094,1170.0078046605774
detrended_only,Dose,25,0.0,,100,6.121602880216235,6.106277379592859,0.07132907344263337,6.074028895342463,6.15507655710703,4790.794476164312,5960.802280824889,1170.0078046605774
detrended_only,Dose,25,5.0,,100,2.2928875372319046,2.2745298999999735,0.07837543045505957,2.228228948703358,2.3511174353653224,1984.0277792319234,3154.0355838925007,1170.0078046605774
detrended_only,Dose,25,10.0,,100,1.6838478254422677,1.7523552440725387,0.24580538573729377,1.6861655769365491,1.8187068337311758,1726.7728828777713,2896.7806875383485,1170.0078046605774
detrended_only,Dose,50,-10.0,,100,5.160954865310672,5.14749177237532,0.14604181182475867,5.053354534344736,5.270659017802594,397.8504063496897,519.0162615832397,121.16585523355
detrended_only,Dose,50,-5.0,,100,3.8002488006190074,3.790937310746913,0.39375336018437507,3.566370325505441,4.13620091165605,291.8500314861916,413.0158867197416,121.16585523355
detrended_only,Dose,50,0.0,,100,9.121933594932056,9.126082161439257,0.08527090268453426,9.074705165475235,9.176883357580248,990.0481188338838,1111.2139740674338,121.16585523355
detrended_only,Dose,50,5.0,,100,6.954316320075946,6.957779591657495,0.14100702556240252,6.859784788533927,7.061872960395446,601.2260407975073,722.3918960310573,121.16585523355
detrended_only,Dose,50,10.0,,100,5.660862087651131,5.668745693715389,0.14394273072214406,5.5857842172305645,5.753238634584678,446.37648578421357,567.5423410177635,121.16585523355
detrended_only,Dose,75,-10.0,,100,4.304595380210364,4.3470786710696565,0.312544671801952,4.064917530926021,4.504132174718922,107.67466660343922,147.53494672417696,39.86028012073776
detrended_only,Dose,75,-5.0,,100,3.6718995102778034,3.6487779164576875,0.2699458485197265,3.483014893537775,3.873119822856784,93.01742193375055,132.8777020544883,39.86028012073776
detrended_only,Dose,75,0.0,,100,7.171490938881947,7.1808578148829305,0.24591549429504084,7.0864360935789215,7.302924849855755,208.15067663195015,248.0109567526879,39.86028012073776
detrended_only,Dose,75,5.0,,100,6.840751327931872,6.8836208139765365,0.32158877367014704,6.677618681541694,7.025347902729049,193.09118834690898,232.9514684676467,39.86028012073776
detrended_only,Dose,75,10.0,,100,3.4888321294717928,3.591052129616071,0.42124359126371413,3.3512846064049877,3.755651238371429,89.4102770395579,129.27055716029565,39.86028012073776
detrended_only,Dose,100,-10.0,,100,5.0648869054433145,5.102649593443848,0.3314358110599445,4.873631845023278,5.278099345548749,24.88144280453449,32.610769051374206,7.729326246839716
detrended_only,Dose,100,-5.0,,100,3.5079270230859523,3.4978258875738515,0.4380496936354122,3.2665167717379178,3.7469384257751233,17.422128666882458,25.151454913722173,7.729326246839716
detrended_only,Dose,100,0.0,,100,9.46982359523088,9.546385257136592,0.3579494052806111,9.246289247339433,9.705286492250073,68.63496802810623,76.36429427494595,7.729326246839716
detrended_only,Dose,100,5.0,,100,6.319385017821519,6.424351563638469,0.5203669340209206,6.160309373554361,6.643126366854027,33.34467645869882,41.07400270553854,7.729326246839716
detrended_only,Dose,100,10.0,,100,1.5417463456145928,1.664702947112442,0.6477524459077508,1.2360869606984661,1.9147159097067898,11.14203474302844,18.871360989868155,7.729326246839716
detrended_only,Dose,125,-10.0,,100,-0.30815479096647935,-0.2517406986637028,0.9589292382457513,-0.809366639825629,0.256348522796625,14.97703633121463,30.68107639093456,15.704040059719926
detrended_only,Dose,125,-5.0,,100,2.9067403279671185,2.982469791784234,0.48197770113456273,2.5940904184278706,3.2535684963021763,30.852599385954544,46.55663944567447,15.704040059719926
detrended_only,Dose,125,0.0,,100,5.5892475924637415,5.591637080010944,0.2902316120429606,5.4133715437486,5.792898644671245,57.002213386971924,72.70625344669185,15.704040059719926
detrended_only,Dose,125,5.0,,100,3.1594575048977407,3.251873466195296,0.49762466642216635,2.894012339208807,3.449860398617017,32.71249849383667,48.41653855355659,15.704040059719926
detrended_only,Dose,125,10.0,,100,2.498949497833409,2.55903487215844,0.4720769618241729,2.1759565895263457,2.8361873911112885,28.081005825115504,43.785045884835434,15.704040059719926
detrended_only,Glas,25,-10.0,,100,13.643064864206998,13.640197600674796,0.04696927079791308,13.614901009503788,13.675825132416065,27072.00242678299,28242.010231443568,1170.0078046605774
detrended_only,Glas,25,-5.0,,100,15.721093839267859,15.716271315867658,0.06456391157057649,15.697668294033814,15.753999223678825,43686.32535947717,44856.33316413775,1170.0078046605774
detrended_only,Glas,25,0.0,,100,13.40325418984524,13.407893948850072,0.049351959565956824,13.37618607610582,13.426523628757785,25617.8081570161,26787.81596167668,1170.0078046605774
detrended_only,Glas,25,5.0,,100,12.32848597042561,12.329911359015501,0.05137992857509939,12.298147182063676,12.361518479785104,20001.723236937454,21171.731041598032,1170.0078046605774
detrended_only,Glas,25,10.0,,100,8.680601064156653,8.67723575738505,0.04080212129338419,8.656809372886048,8.69791029700447,8635.110973967312,9805.118778627888,1170.0078046605774
detrended_only,Glas,50,-10.0,,100,15.116759546018564,15.123007355542201,0.10809464638476525,15.058173438306005,15.168011002445802,3937.218139548291,4058.383994781841,121.16585523355
detrended_only,Glas,50,-5.0,,100,16.094990083225536,16.09944762721849,0.1384472223473834,16.0396275877508,16.167993088851112,4932.837560930397,5054.003416163946,121.16585523355
detrended_only,Glas,50,0.0,,100,11.137403925034505,11.184480502759893,0.15339820876166238,11.03103015978239,11.245800708175516,1575.3821028022621,1696.5479580358121,121.16585523355
detrended_only,Glas,50,5.0,,100,11.193356271182099,11.194143260305367,0.07872097338254501,11.129491620306826,11.252121313639165,1595.0951479228636,1716.2610031564136,121.16585523355
detrended_only,Glas,50,10.0,,100,10.729667870793914,10.737244896167189,0.07660393944816302,10.688653347036368,10.77411369460351,1433.5531756791984,1554.7190309127486,121.16585523355
detrended_only,Glas,75,-10.0,,100,14.348544697084408,14.35261601280712,0.12909662618038723,14.297380829224231,14.430570447752233,1085.3875136003542,1125.247793721092,39.86028012073776
detrended_only,Glas,75,-5.0,,100,15.131112299998223,15.156609749319607,0.16863970357686275,15.030870382249612,15.256921478169021,1300.0910855636166,1339.9513656843544,39.86028012073776
detrended_only,Glas,75,0.0,,100,13.47375610852019,13.49552340729489,0.19024238767311943,13.347287496318188,13.576519462578927,887.8256201867532,927.685900307491,39.86028012073776
detrended_only,Glas,75,5.0,,100,5.912879871038597,6.049599017318553,0.4300852255899703,5.673907679224209,6.234074917612794,156.26972218934216,196.1300023100799,39.86028012073776
detrended_only,Glas,75,10.0,,100,4.703284072390883,4.715985687908066,0.29633645507823697,4.546137213721663,4.932905228707059,117.99158101369636,157.8518611344341,39.86028012073776
detrended_only,Glas,100,-10.0,,100,11.822576691352856,11.795977579506694,0.18363652823350132,11.693174235291812,11.954151131852983,117.70242235500345,125.43174860184317,7.729326246839716
detrended_only,Glas,100,-5.0,,100,16.876615418840075,16.946827031721824,0.27574758414353534,16.852231109329054,17.029122803878437,377.2563382758262,384.98566452266596,7.729326246839716
detrended_only,Glas,100,0.0,,100,17.202114676135867,17.210070248748075,0.27855096016539205,17.064727885068343,17.40627617858519,406.6544356294971,414.3837618763368,7.729326246839716
detrended_only,Glas,100,5.0,,100,14.415174532014865,14.455328754772268,0.2414777642624388,14.308900978397439,14.562445805753438,213.94859856140778,221.67792480824747,7.729326246839716
detrended_only,Glas,100,10.0,,100,8.084098611543995,8.101572056907271,0.33719295480234024,7.9001073436635485,8.333214241480928,49.86912091023629,57.59844715707601,7.729326246839716
detrended_only,Glas,125,-10.0,,100,11.508752021511752,11.48889043475886,0.2059337579094067,11.387239177361066,11.656561201547184,222.52189419242686,238.22593425214677,15.704040059719926
detrended_only,Glas,125,-5.0,,100,8.723699007626575,8.785162907935115,0.3080550540216951,8.571034587134498,8.911876782070731,117.33945583822698,133.0434958979469,15.704040059719926
detrended_only,Glas,125,0.0,,100,8.670350714025812,8.70449282673844,0.17305975055291253,8.566958554872569,8.790541857591968,115.71349761937334,131.41753767909324,15.704040059719926
detrended_only,Glas,125,5.0,,100,6.1487902482712515,6.231079277693463,0.35042793340262135,6.046884240615425,6.370976038191201,64.89972404025467,80.6037640999746,15.704040059719926
detrended_only,Glas,125,10.0,,100,6.845282371858838,6.859246735899271,0.21471927532475993,6.739389470923896,6.995764285305241,76.0427253674267,91.74676542714661,15.704040059719926
