object,distance_cm,angle_deg,band_center_hz,n_trials,snr_db_preprocessed_mean,snr_db_denoised_mean,snr_improvement_db_mean,snr_improvement_db_median,snr_improvement_db_std
Box,25,-10.0,40000,100,14.669634019722599,14.119868743695031,-0.5497652760275658,-0.5494938716737243,0.008861032029884024
Box,25,-10.0,50000,100,23.083582979303355,11.060387789983478,-12.023195189319875,-12.02819546688896,0.3054554927327967
Box,25,-10.0,60000,100,18.097140946985164,12.452631461777962,-5.6445094852072,-5.623501117185146,0.31006702905992484
Box,25,-5.0,40000,100,15.954861537785707,15.245466200771133,-0.7093953370145722,-0.7102353699031791,0.017678366572104844
Box,25,-5.0,50000,100,24.09914919008023,12.690313587751316,-11.408835602328914,-11.396577931748425,0.35458202965221103
Box,25,-5.0,60000,100,18.690900303123797,11.777621989039481,-6.913278314084318,-6.861579232954584,0.43574267373816533
Box,25,0.0,40000,100,18.834710620394173,18.068185257883606,-0.7665253625105669,-0.7659820616753894,0.01267428850848468
Box,25,0.0,50000,100,26.897521402485754,8.879676928006777,-18.01784447447898,-18.043041043884827,0.6810838688730981
Box,25,0.0,60000,100,22.033779190994572,17.66182237857203,-4.371956812422543,-4.388611246502144,0.17043352348755503
Box,25,5.0,40000,100,16.001995971485098,15.573882537561433,-0.42811343392366524,-0.42805165304473913,0.007856178744094581
Box,25,5.0,50000,100,24.060147121996007,12.526627756684823,-11.533519365311184,-11.547918184282437,0.19469992545757353
Box,25,5.0,60000,100,18.25755090241305,9.193331373526037,-9.064219528887012,-9.068362818378638,0.497682871214002
Box,25,10.0,40000,100,15.194477727251018,14.711246991946627,-0.48323073530439004,-0.48431026575152547,0.012206689857863622
Box,25,10.0,50000,100,23.288109463469585,11.809017302687558,-11.479092160782029,-11.481740826154926,0.2067129164455452
Box,25,10.0,60000,100,17.64802085456099,9.667524847828712,-7.980496006732278,-7.990836294134049,0.39190500188058325
Box,50,-10.0,40000,100,18.855385793076447,17.72889398397433,-1.1264918091021172,-1.1275716152323803,0.045698588103008864
Box,50,-10.0,50000,100,23.51055157922809,18.430122514936222,-5.080429064291868,-5.0745301363565645,0.10606110435779455
Box,50,-10.0,60000,100,24.337760954426525,17.017697933656287,-7.320063020770238,-7.324927762164126,0.1833582334002998
Box,50,-5.0,40000,100,24.0603452300721,23.712780196735824,-0.34756503333627625,-0.34651198990662735,0.015144643246863196
Box,50,-5.0,50000,100,27.92458123923294,19.21466117685251,-8.709920062380435,-8.697112732292107,0.20476608227388277
Box,50,-5.0,60000,100,27.36969970073043,16.55927074982472,-10.81042895090571,-10.782411292149483,0.2688312912836568
Box,50,0.0,40000,100,22.281665163420065,20.421479112476298,-1.8601860509437693,-1.8599996078840455,0.09959198788812659
Box,50,0.0,50000,100,27.308879051345865,23.749599947795414,-3.559279103550452,-3.562467064597435,0.11206537400395626
Box,50,0.0,60000,100,28.566484370082147,22.12179919393567,-6.444685176146481,-6.443049960948818,0.335499352735661
Box,50,5.0,40000,100,22.48182853060462,21.452602764109724,-1.029225766494898,-1.026884935754266,0.04399285775508585
Box,50,5.0,50000,100,27.17512841318885,22.468486518377247,-4.7066418948115984,-4.7037182287443375,0.11072447080856945
Box,50,5.0,60000,100,27.955330507666087,20.69618428605546,-7.259146221610625,-7.251364992988568,0.1346319821067272
Box,50,10.0,40000,100,20.68835001669049,19.54395682640494,-1.1443931902855464,-1.129057307037641,0.07341016082972067
Box,50,10.0,50000,100,25.93502539636963,20.33605402583659,-5.598971370533037,-5.598993200480539,0.10677297198592223
Box,50,10.0,60000,100,27.756688663266495,23.925505906263197,-3.831182757003297,-3.843698583961361,0.17133892912804796
Box,75,-10.0,40000,100,15.654940736715782,14.131029074379413,-1.523911662336371,-1.5255857493560345,0.15595685191814765
Box,75,-10.0,50000,100,25.273379584715858,20.181143045435373,-5.092236539280484,-5.084644799527647,0.13426375852697364
Box,75,-10.0,60000,100,26.17725388119218,22.90479251803048,-3.2724613631616988,-3.285250192079797,0.1627793580227656
Box,75,-5.0,40000,100,17.233479231876117,16.451565760892688,-0.7819134709834284,-0.7540784668723983,0.13178431610180918
Box,75,-5.0,50000,100,26.312322824535624,21.472766238364066,-4.839556586171559,-4.8930028922735005,0.33900335621907063
Box,75,-5.0,60000,100,26.50306332843791,20.875949930753137,-5.627113397684776,-5.637555678170536,0.13841988865566002
Box,75,0.0,40000,100,14.698482144037818,11.293841553446038,-3.4046405905917796,-3.4031188200314624,0.462844486001879
Box,75,0.0,50000,100,24.629021825088763,21.081264671230418,-3.5477571538583437,-3.491741831188703,0.29621254652220974
Box,75,0.0,60000,100,25.915858619453957,22.76935503763545,-3.1465035818185054,-3.0917701343689554,0.3868204358510798
Box,75,5.0,40000,100,12.210778231329087,9.784243901792285,-2.4265343295368016,-2.413455206779438,0.32134249064857145
Box,75,5.0,50000,100,22.353760073097057,18.54382795391483,-3.809932119182228,-3.835936737376402,0.19448420206207082
Box,75,5.0,60000,100,23.54215451462845,20.05231866478444,-3.4898358498440105,-3.4959440555345296,0.23075764443375107
Box,75,10.0,40000,100,15.122200042780598,12.501860688189858,-2.620339354590739,-2.642195000745585,0.23287116868959926
Box,75,10.0,50000,100,25.666348006296765,20.775412268950745,-4.890935737346024,-4.896546182474932,0.1802551728070218
Box,75,10.0,60000,100,27.54040184487354,25.464082790692014,-2.0763190541815226,-2.0731864086985325,0.07864835498904778
Box,100,-10.0,40000,100,15.394483109994859,14.998668634335836,-0.3958144756590202,-0.37391493181816937,0.310773301637881
Box,100,-10.0,50000,100,20.908209945241673,16.92906211009698,-3.979147835144693,-3.9407136440925914,0.44970716147919154
Box,100,-10.0,60000,100,24.785077613685576,20.592867034660582,-4.192210579024998,-4.168972676708439,0.26496295924911384
Box,100,-5.0,40000,100,16.62567755274349,16.652338630337475,0.026661077593986296,0.0259220195435077,0.14128826057711774
Box,100,-5.0,50000,100,21.727798129677048,16.818576215178126,-4.909221914498919,-4.915363033006381,0.26217952158958874
Box,100,-5.0,60000,100,25.37554403109921,20.15018933120039,-5.22535469989882,-5.234083469746066,0.28607889894817373
Box,100,0.0,40000,100,20.8075911378936,20.531647491133082,-0.27594364676051847,-0.24612313427423693,0.15420202582941628
Box,100,0.0,50000,100,24.434606440456193,8.43667850669713,-15.99792793375906,-15.89982499292461,3.582764935925083
Box,100,0.0,60000,100,26.26028152748038,21.863094675121395,-4.397186852358982,-4.313201425634054,0.44139681859482877
Box,100,5.0,40000,100,10.645653852013977,9.193278910838831,-1.4523749411751457,-1.2152127268868647,0.9160818326376726
Box,100,5.0,50000,100,16.68927518642408,10.8725714358024,-5.816703750621681,-5.768258323562829,0.6386162400140126
Box,100,5.0,60000,100,21.49610154551289,18.96591791641976,-2.5301836290931283,-2.454267660351281,0.5938685612480868
Box,100,10.0,40000,100,13.871233893680945,9.467124527997449,-4.404109365683495,-4.366878594913871,0.6538642296388439
Box,100,10.0,50000,100,22.14108331572342,16.244267213105264,-5.896816102618158,-5.983826902585188,0.653012283089021
Box,100,10.0,60000,100,28.58718903157001,27.38962407224446,-1.1975649593255489,-1.153709866007997,0.13529281046903271
Box,125,-10.0,40000,100,8.606237866006282,7.205827619521381,-1.400410246484902,-1.2680557852997487,0.6974806826220228
Box,125,-10.0,50000,100,22.89531479276316,17.257902718833385,-5.6374120739297755,-5.594167435220722,0.9480915026845317
Box,125,-10.0,60000,100,17.396796392926486,14.904233958883545,-2.4925624340429424,-2.5065093642740948,0.32494395011113314
Box,125,-5.0,40000,100,11.970446111984465,12.363442287002393,0.39299617501792605,0.40458458841701805,0.09195323285060643
Box,125,-5.0,50000,100,24.975679937201438,14.089032197499757,-10.886647739701685,-10.846135519553211,0.9286155174787911
Box,125,-5.0,60000,100,17.61578549293622,11.935715980804813,-5.6800695121314035,-5.743926500075011,0.5834246824027609
Box,125,0.0,40000,100,19.948912004608736,20.43480459128148,0.4858925866727435,0.49651308469127464,0.056663710772503165
Box,125,0.0,50000,100,32.073250519130745,18.12002832188584,-13.953222197244907,-13.449325013857266,2.1193881269763324
Box,125,0.0,60000,100,22.7427704413996,0.888490265687925,-21.854280175711676,-20.061041243089978,12.22984579532301
Box,125,5.0,40000,100,6.409443188828362,4.324154412308326,-2.085288776520036,-1.9019415410414502,0.9318047465463474
Box,125,5.0,50000,100,21.898600669336496,12.70652372966588,-9.192076939670619,-9.39922021437475,1.3659172498651089
Box,125,5.0,60000,100,17.7751819142155,16.516340344709302,-1.2588415695062007,-1.249543289967903,0.20763898263940092
Box,125,10.0,40000,100,10.046471178346,6.157238518581481,-3.889232659764519,-3.8050501896729854,0.9076070068035107
Box,125,10.0,50000,100,25.95269183091247,23.495265622502146,-2.457426208410324,-2.412078411447462,0.33138763612561817
Box,125,10.0,60000,100,21.866542716195042,19.616384638503302,-2.250158077691736,-2.2075381089195965,0.2566197606890752
Dose,25,-10.0,40000,100,7.182446263477334,4.597376710658377,-2.5850695528189567,-2.5920166749670477,0.16610891072516348
Dose,25,-10.0,50000,100,16.394580424422365,10.390207274744567,-6.004373149677799,-6.007822559416739,0.1529622858595023
Dose,25,-10.0,60000,100,12.023870778831743,5.8355492501597475,-6.188321528671995,-6.105183632859212,0.25117436149025396
Dose,25,-5.0,40000,100,7.125401044025234,4.308297013057604,-2.81710403096763,-2.8195004868665317,0.09406320544879383
Dose,25,-5.0,50000,100,15.6303946491437,8.815150157945485,-6.8152444911982135,-6.813149131575156,0.10809051478529429
Dose,25,-5.0,60000,100,9.834041977580009,-139.72280023798402,-149.55684221556402,-149.53294931693253,0.09914465278607336
Dose,25,0.0,40000,100,7.980425667108047,7.261441372118583,-0.7189842949894647,-0.7195517582533824,0.009198624261379353
Dose,25,0.0,50000,100,17.294095381707532,9.672005422111761,-7.622089959595772,-7.618498892519843,0.04126682411555962
Dose,25,0.0,60000,100,12.795310214490117,6.117741141040129,-6.677569073449988,-6.685872225539292,0.10650093225226394
Dose,25,5.0,40000,100,3.286826384069307,-4.049484142740049,-7.336310526809355,-7.362574272285582,0.27922106244273903
Dose,25,5.0,50000,100,14.415855785462309,9.658250358258748,-4.75760542720356,-4.765880954938516,0.053640039659049295
Dose,25,5.0,60000,100,11.36381640509107,6.706736147950205,-4.657080257140864,-4.616536887926632,0.16527064161445038
Dose,25,10.0,40000,100,2.560245386208428,-17.572475275087726,-20.132720661296155,-10.143308718420407,35.855390127760685
Dose,25,10.0,50000,100,13.873773867256503,9.348350724949032,-4.525423142307469,-4.487135378073416,0.14091072189879109
Dose,25,10.0,60000,100,10.91731303855934,6.477626245555885,-4.439686793003457,-4.522079306563231,0.28348219372092714
Dose,50,-10.0,40000,100,9.963088477689244,9.11017210653334,-0.8529163711559038,-0.8581874088085311,0.06740881798657718
Dose,50,-10.0,50000,100,13.836650161700188,3.7874971038424494,-10.04915305785774,-9.96184729838458,0.5185068489022462
Dose,50,-10.0,60000,100,13.341564463113311,4.495225570171634,-8.846338892941676,-8.783022919113067,0.6669897122702845
Dose,50,-5.0,40000,100,8.230161133868451,5.079476327260704,-3.150684806607746,-3.0967422280689827,0.2960856734995591
Dose,50,-5.0,50000,100,12.582324385910761,5.8111002856953595,-6.7712241002154006,-6.8163630847534815,0.3026412835405044
Dose,50,-5.0,60000,100,13.055708338301558,5.110530368724725,-7.945177969576833,-7.862977711749385,0.562209141602787
Dose,50,0.0,40000,100,13.896883480250244,13.094152501713051,-0.8027309785371921,-0.8117297462025803,0.03735966544307317
Dose,50,0.0,50000,100,17.682215099948223,8.165302157433208,-9.516912942515013,-9.486505480763526,0.2563697713119568
Dose,50,0.0,60000,100,17.097043564443027,8.31137573233536,-8.785667832107665,-8.720698006206161,0.3142136319936115
Dose,50,5.0,40000,100,11.336252677735175,9.493922336165763,-1.8423303415694106,-1.8845424224714629,0.15078116410148965
Dose,50,5.0,50000,100,15.858480642457348,10.345650476451219,-5.512830166006129,-5.426632274844497,0.339298120122909
Dose,50,5.0,60000,100,16.66259526223644,11.072102284986855,-5.590492977249584,-5.576767267040414,0.13338093174061452
Dose,50,10.0,40000,100,10.02929092835016,9.006364210935368,-1.022926717414793,-1.0328811969575415,0.0976048697591216
Dose,50,10.0,50000,100,14.558085036549688,5.953462787737153,-8.604622248812532,-8.540421192928218,0.4171832636589425
Dose,50,10.0,60000,100,15.526903109944504,10.64799482981377,-4.878908280130735,-4.8601977981918925,0.15853217566118435
Dose,75,-10.0,40000,100,8.304741541773103,6.663193196113875,-1.6415483456592272,-1.654405721562246,0.0859412067468313
Dose,75,-10.0,50000,100,17.339335498696997,12.96848180816086,-4.370853690536138,-4.362143418866391,0.11187629181582948
Dose,75,-10.0,60000,100,16.235021337624733,0.8581884781111583,-15.376832859513572,-15.151341824667629,1.2595457735227265
Dose,75,-5.0,40000,100,7.636057497036353,5.651002041529932,-1.9850554555064215,-2.0213982800558297,0.1862783060552581
Dose,75,-5.0,50000,100,16.707138603289682,12.225213391155435,-4.481925212134246,-4.493008891608373,0.12716596666487034
Dose,75,-5.0,60000,100,15.655299918946284,4.359690283584434,-11.295609635361853,-11.09552748761812,1.6144463834621825
Dose,75,0.0,40000,100,11.174215160620323,9.904136137161789,-1.2700790234585324,-1.2701061335663315,0.05547997645859905
Dose,75,0.0,50000,100,19.116947364939186,11.61639933314113,-7.500548031798059,-7.500834030493145,0.23933168520760084
Dose,75,0.0,60000,100,16.997799306836583,4.932558652481616,-12.065240654354966,-11.974067159546374,0.6859466265429667
Dose,75,5.0,40000,100,10.91089500696902,10.514111410029896,-0.3967835969391233,-0.39483200762620374,0.03036393766203724
Dose,75,5.0,50000,100,19.294381014214206,12.603078589078532,-6.691302425135675,-6.671090948977139,0.22612825701029884
Dose,75,5.0,60000,100,17.6959015089676,8.091418376891019,-9.604483132076584,-9.52674976311594,0.36927340776391127
Dose,75,10.0,40000,100,7.2979654497188085,5.7098441259522215,-1.5881213237665872,-1.5459852456416745,0.17043827160476752
Dose,75,10.0,50000,100,16.05424116337852,8.553244380968918,-7.500996782409604,-7.4674135091742295,0.3109773145183476
Dose,75,10.0,60000,100,15.166487484890427,9.892918627868527,-5.273568857021901,-5.286960497559064,0.23152920254876463
Dose,100,-10.0,40000,100,9.015151763637814,7.882391554777177,-1.132760208860637,-1.0387997717087214,0.5497672059441785
Dose,100,-10.0,50000,100,14.21255427652359,10.047358439369281,-4.165195837154308,-4.18619875520862,0.5527922102453571
Dose,100,-10.0,60000,100,17.45598846361094,10.908596932547196,-6.547391531063745,-6.582287181186791,0.41870597396427417
Dose,100,-5.0,40000,100,7.683676112844854,5.047240047297089,-2.6364360655477657,-2.5750652171571016,0.5828615163860933
Dose,100,-5.0,50000,100,12.049357374959168,4.870112198913509,-7.179245176045658,-6.732937168931329,1.5825824570343436
Dose,100,-5.0,60000,100,14.591879491510277,6.1878514487309495,-8.404028042779327,-6.351884733203036,12.10084424084085
Dose,100,0.0,40000,100,13.660026493480805,13.476361773828536,-0.18366471965226638,-0.09997797261615204,0.20008938454998626
Dose,100,0.0,50000,100,17.854172654613773,11.1667820914492,-6.6873905631645725,-6.622465705340123,0.3920683643902967
Dose,100,0.0,60000,100,19.68234493863909,10.430843550646191,-9.2515013879929,-9.321436347281335,0.7244145327786451
Dose,100,5.0,40000,100,10.40408726100591,10.171532209370337,-0.23255505163557388,-0.22475499053971149,0.10598283246437587
Dose,100,5.0,50000,100,15.510923098663762,8.66442046030745,-6.84650263835631,-6.715075853792216,0.5170553320828835
Dose,100,5.0,60000,100,18.42867189601875,12.626758815782166,-5.801913080236584,-5.679557567699753,0.6064930214058705
Dose,100,10.0,40000,100,4.761365260180577,-1.2677421331180871,-6.029107393298664,-5.813496898243951,1.5188486322478134
Dose,100,10.0,50000,100,11.368918926126371,6.662622475489042,-4.706296450637329,-4.505140679407817,0.7786813320931428
Dose,100,10.0,60000,100,16.207349424114078,12.826153592878473,-3.381195831235605,-3.3708657576399963,0.2588896296959691
Dose,125,-10.0,40000,100,5.689110033720038,4.846918369741776,-0.8421916639782604,-0.8012792603515955,0.3369021165706081
Dose,125,-10.0,50000,100,19.30715914933843,11.596021291011873,-7.711137858326555,-7.544427618075256,0.858461336613424
Dose,125,-10.0,60000,100,11.252878644201212,2.61677280943384,-8.63610583476737,-8.479459276347288,1.0591427481660678
Dose,125,-5.0,40000,100,9.039252085715228,8.78506691348646,-0.25418517222876835,-0.23767910199698417,0.16015601461815704
Dose,125,-5.0,50000,100,21.70060169032054,8.005942408943094,-13.694659281377449,-13.718898865615628,0.8114417240081071
Dose,125,-5.0,60000,100,12.812058477294274,1.7209846367442723,-11.091073840550003,-10.988196355579806,1.2100962614486115
Dose,125,0.0,40000,100,11.847126103008804,11.936214855611395,0.08908875260259125,0.09749896080516773,0.09359246809256147
Dose,125,0.0,50000,100,24.358649444476672,14.388001694969665,-9.97064774950701,-9.714808077416334,0.8048358104793366
Dose,125,0.0,60000,100,15.471485926347821,2.9982167687808676,-12.473269157566952,-12.344262967614274,1.197640820878666
Dose,125,5.0,40000,100,9.4358340379203,9.847297111892194,0.41146307397189424,0.41258847643781493,0.05289720090026835
Dose,125,5.0,50000,100,22.334340389426064,12.16635284478722,-10.167987544638844,-10.104603996283918,0.8215779360377441
Dose,125,5.0,60000,100,13.804546733451684,3.7829319931865273,-10.021614740265157,-9.76986862595808,1.3522984802830142
Dose,125,10.0,40000,100,8.677233025360326,8.912515763519686,0.23528273815936068,0.25691705486739025,0.10718474023994089
Dose,125,10.0,50000,100,21.595141538131166,7.360210318608661,-14.234931219522503,-14.06437071353336,1.3439280247833438
Dose,125,10.0,60000,100,13.296539763602757,6.492405567189272,-6.804134196413483,-6.448251683454869,1.0767870343321737
Glas,25,-10.0,40000,100,14.729472301874289,12.650873594759098,-2.0785987071151912,-2.0789547426644193,0.012110707872831385
Glas,25,-10.0,50000,100,24.012940218070618,18.943520158159885,-5.06942005991073,-5.0674005727568705,0.017297133122658525
Glas,25,-10.0,60000,100,20.709641597463843,16.36422376049653,-4.345417836967314,-4.337765243322652,0.04587700098310737
Glas,25,-5.0,40000,100,17.195302819972586,15.92314264732636,-1.2721601726462233,-1.2777822925546776,0.022963278032878218
Glas,25,-5.0,50000,100,25.758626209344232,17.604700858898127,-8.153925350446107,-8.145600576362611,0.053200805473763074
Glas,25,-5.0,60000,100,21.520351503368087,16.505380969042015,-5.014970534326073,-5.010673126544928,0.06575791944675836
Glas,25,0.0,40000,100,14.41150980051606,11.67492292435343,-2.7365868761626295,-2.7317857485005748,0.07583982412599567
Glas,25,0.0,50000,100,23.61553186802132,18.19436353551632,-5.421168332505005,-5.41023474955761,0.08476760746926547
Glas,25,0.0,60000,100,20.37759397135324,16.538738234483777,-3.838855736869464,-3.8458745183408105,0.0423082543173731
Glas,25,5.0,40000,100,13.29562986424295,9.636488148387052,-3.6591417158558954,-3.665586404791629,0.03905255297510287
Glas,25,5.0,50000,100,23.227533179543105,20.11687715255162,-3.1106560269914896,-3.1104688059499743,0.013370914595327592
Glas,25,5.0,60000,100,20.05852913658324,14.029139004129606,-6.029390132453633,-6.034543162589944,0.02496280906073487
Glas,25,10.0,40000,100,8.690907962772089,2.9390364027380076,-5.751871560034082,-5.772866973918737,0.12020868849817845
Glas,25,10.0,50000,100,19.97224671138996,16.988037006665184,-2.984209704724775,-2.981490028384979,0.02180592808456773
Glas,25,10.0,60000,100,17.950830293184325,14.399332656413527,-3.5514976367707964,-3.5454266413060287,0.03796731452207929
Glas,50,-10.0,40000,100,19.79260201323314,19.248267719610055,-0.5443342936230832,-0.5440858143969507,0.008344777659093588
Glas,50,-10.0,50000,100,23.858350918283712,16.059112920792565,-7.799237997491151,-7.790523191411827,0.05346435016061467
Glas,50,-10.0,60000,100,23.64874528324018,13.508906627162874,-10.139838656077309,-10.117449971047574,0.09901170119545986
Glas,50,-5.0,40000,100,20.744362457913184,19.985102350025773,-0.7592601078874103,-0.7596218183435663,0.01569938367725938
Glas,50,-5.0,50000,100,24.46295522056049,14.808007725110755,-9.654947495449738,-9.648229227681394,0.061877673144040204
Glas,50,-5.0,60000,100,24.004550016069842,15.622936902771688,-8.381613113298153,-8.379163990985031,0.09327177173930103
Glas,50,0.0,40000,100,15.542547568745073,13.840374107097434,-1.7021734616476376,-1.696306799683362,0.054445954916274256
Glas,50,0.0,50000,100,19.828467149294426,14.090352794848016,-5.738114354446409,-5.742095616165745,0.06964596680059235
Glas,50,0.0,60000,100,20.26268858909762,13.174419757451089,-7.08826883164653,-7.071945412833962,0.09942424528899277
Glas,50,5.0,40000,100,15.204463324406538,12.430838357067193,-2.773624967339346,-2.7709903479105487,0.04952114684357475
Glas,50,5.0,50000,100,20.795101744763077,17.94392901722902,-2.8511727275340566,-2.855308046064428,0.03261476929257126
Glas,50,5.0,60000,100,22.260149039704093,14.801232309231404,-7.458916730472687,-7.453179878445164,0.09257800658051818
Glas,50,10.0,40000,100,14.372402153097845,12.532524076369263,-1.8398780767285803,-1.8426502285974422,0.03240525001595349
Glas,50,10.0,50000,100,20.011037644395184,15.24891407713046,-4.762123567264727,-4.760542810817208,0.056233468068176876
Glas,50,10.0,60000,100,22.17333900156641,17.997337128755262,-4.176001872811151,-4.1816505143900216,0.04730386226099827
Glas,75,-10.0,40000,100,17.98945395472807,17.116610904355294,-0.8728430503727787,-0.8741958196501152,0.026186832350574032
Glas,75,-10.0,50000,100,26.623895456036895,21.969188640132405,-4.654706815904489,-4.657344574303567,0.054642716787559074
Glas,75,-10.0,60000,100,25.94695044766359,18.95551129775658,-6.991439149907008,-6.96333980791105,0.18521682049296365
Glas,75,-5.0,40000,100,18.84169810296285,17.927043566063546,-0.9146545368993091,-0.9146580849085755,0.026965191425624455
Glas,75,-5.0,50000,100,26.885232498357514,19.40582455823021,-7.479407940127303,-7.480044861600749,0.11739316724429666
Glas,75,-5.0,60000,100,25.71929618739521,19.601250115321015,-6.1180460720741925,-6.0499484567620865,0.24556522065858818
Glas,75,0.0,40000,100,17.073257400012395,15.849970017342459,-1.2232873826699358,-1.2175860749512566,0.04991596579160653
Glas,75,0.0,50000,100,25.53128315306541,20.53123686112598,-5.000046291939434,-4.987759262556448,0.13700216992386874
Glas,75,0.0,60000,100,24.783144707742075,18.658379913764904,-6.124764793977176,-6.138315738775498,0.1446132520119875
Glas,75,5.0,40000,100,9.845255765161552,9.236832720442596,-0.6084230447189573,-0.5986849134317769,0.08015142550335964
Glas,75,5.0,50000,100,18.116980978669748,7.77660239133805,-10.340378587331696,-10.195669316918082,0.47146775751335185
Glas,75,5.0,60000,100,16.74788997103907,11.545405553903901,-5.202484417135167,-4.9155701701087136,0.7604795848238175
Glas,75,10.0,40000,100,8.193925013694145,7.032794690058348,-1.1611303236357968,-1.1649167597669985,0.07180012244752143
Glas,75,10.0,50000,100,16.989477716186624,2.403846708072268,-14.585631008114355,-14.435202412936743,0.7797174808640254
Glas,75,10.0,60000,100,16.83883783751993,14.298465506011697,-2.5403723315082347,-2.53827050130099,0.13567576150824442
Glas,100,-10.0,40000,100,15.66869294580141,15.387903399001361,-0.2807895468000504,-0.3081821490106478,0.09275661081874734
Glas,100,-10.0,50000,100,20.006802984397233,12.666926403546436,-7.339876580850795,-7.232697787084916,0.4408454536547595
Glas,100,-10.0,60000,100,22.714865891316446,18.139033147015205,-4.57583274430124,-4.568834612706752,0.2533764158739182
Glas,100,-5.0,40000,100,20.922082076326657,21.29879328866202,0.37671121233536226,0.38396720961561215,0.05760328105813938
Glas,100,-5.0,50000,100,25.02320110477677,17.27877018571857,-7.744430919058203,-7.759976086609811,0.18642270411086767
Glas,100,-5.0,60000,100,26.914651137043478,18.325692878632932,-8.58895825841055,-8.639470694435175,0.2967227401223581
Glas,100,0.0,40000,100,21.286989473006738,21.29406480164518,0.007075328638443885,0.007137881339430052,0.037560270121118775
Glas,100,0.0,50000,100,25.29372867484635,18.705685338779748,-6.588043336066601,-6.5620767807431015,0.2887167475875902
Glas,100,0.0,60000,100,26.94748043633599,18.129865480590702,-8.81761495574529,-8.834140199253579,0.3179815318472243
Glas,100,5.0,40000,100,18.446895853514754,19.177643574247824,0.7307477207330685,0.73398241503652,0.028677514601169754
Glas,100,5.0,50000,100,23.08176618982237,16.43056719585306,-6.651198993969307,-6.65514223072274,0.12765967824992766
Glas,100,5.0,60000,100,25.5123430848109,19.06666566131294,-6.445677423497959,-6.409020467607661,0.28711478225730447
Glas,100,10.0,40000,100,11.556033365609805,10.837010935076053,-0.7190224305337527,-0.720823752488915,0.11308077347525297
Glas,100,10.0,50000,100,16.985645451046267,10.726900587956306,-6.258744863089961,-6.274445664281667,0.21086438089743184
Glas,100,10.0,60000,100,20.874954235147428,17.347442705231444,-3.5275115299159876,-3.523338133748002,0.18057067255457787
Glas,125,-10.0,40000,100,17.542155421058272,17.88306611645779,0.3409106953995184,0.3386336235387155,0.03667657539061249
Glas,125,-10.0,50000,100,30.534816402194213,25.440593032063575,-5.094223370130639,-5.1291400349898915,0.1838759570614907
Glas,125,-10.0,60000,100,22.94021400993017,14.79396856723618,-8.146245442693989,-8.12356919450691,0.2759821541820559
Glas,125,-5.0,40000,100,14.50356008849089,14.035379355351314,-0.4681807331395774,-0.46680626532281355,0.07161279588231106
Glas,125,-5.0,50000,100,27.78597290496559,24.182291137012697,-3.6036817679528887,-3.605059715122623,0.13865155955506114
Glas,125,-5.0,60000,100,20.74770715441667,13.026094201374882,-7.7216129530417925,-7.702987086782869,0.2933410897043751
Glas,125,0.0,40000,100,14.432721402597416,13.649304040006411,-0.7834173625910017,-0.7898047050259134,0.08477204911881907
Glas,125,0.0,50000,100,28.074086592509644,25.976722056586357,-2.0973645359232878,-2.0684784069927353,0.17712566275662164
Glas,125,0.0,60000,100,21.2322038969895,13.55587388361229,-7.676330013377209,-7.6184254052859215,0.4310673292502704
Glas,125,5.0,40000,100,11.9906506636706,12.112027131923735,0.12137646825313567,0.11898938253915148,0.06999266781039612
Glas,125,5.0,50000,100,25.478618165165813,21.09582339125284,-4.382794773912973,-4.385163194515167,0.27099621764236603
Glas,125,5.0,60000,100,18.45585841385365,11.90466007758075,-6.5511983362729,-6.489896971129345,0.4886999662179613
Glas,125,10.0,40000,100,11.397702746970634,10.011689311867796,-1.3860134351028361,-1.3978348262362346,0.11311197530955618
Glas,125,10.0,50000,100,26.414902143826712,23.299356673239252,-3.1155454705874566,-3.0979274020183745,0.1611371565164947
Glas,125,10.0,60000,100,21.583532365022208,18.94116764394497,-2.6423647210772407,-2.6331390169660143,0.10083334062950212
