file,material,distance_cm,angle_deg,mic,mode,n_trials,n_samples,output_plot
Multifrequenz Dataset\Multifrequenz\Box\100cm_-10Grad.pickle,Box,100.0,-10.0,Mic2,mean,100,18000,outputs\stft\Box\100cm_-10Grad__Mic2__mean.png
Multifrequenz Dataset\Multifrequenz\Box\100cm_-5Grad.pickle,Box,100.0,-5.0,Mic2,mean,100,18000,outputs\stft\Box\100cm_-5Grad__Mic2__mean.png
Multifrequenz Dataset\Multifrequenz\Box\100cm_0Grad.pickle,Box,100.0,0.0,Mic2,mean,100,18000,outputs\stft\Box\100cm_0Grad__Mic2__mean.png
Multifrequenz Dataset\Multifrequenz\Box\100cm_10Grad.pickle,Box,100.0,10.0,Mic2,mean,100,18000,outputs\stft\Box\100cm_10Grad__Mic2__mean.png
Multifrequenz Dataset\Multifrequenz\Box\100cm_5Grad.pickle,Box,100.0,5.0,Mic2,mean,100,18000,outputs\stft\Box\100cm_5Grad__Mic2__mean.png
Multifrequenz Dataset\Multifrequenz\Box\125cm_-10Grad.pickle,Box,125.0,-10.0,Mic2,mean,100,18000,outputs\stft\Box\125cm_-10Grad__Mic2__mean.png
Multifrequenz Dataset\Multifrequenz\Box\125cm_-5Grad.pickle,Box,125.0,-5.0,Mic2,mean,100,18000,outputs\stft\Box\125cm_-5Grad__Mic2__mean.png
Multifrequenz Dataset\Multifrequenz\Box\125cm_0Grad.pickle,Box,125.0,0.0,Mic2,mean,100,18000,outputs\stft\Box\125cm_0Grad__Mic2__mean.png
Multifrequenz Dataset\Multifrequenz\Box\125cm_10Grad.pickle,Box,125.0,10.0,Mic2,mean,100,18000,outputs\stft\Box\125cm_10Grad__Mic2__mean.png
Multifrequenz Dataset\Multifrequenz\Box\125cm_5Grad.pickle,Box,125.0,5.0,Mic2,mean,100,18000,outputs\stft\Box\125cm_5Grad__Mic2__mean.png
Multifrequenz Dataset\Multifrequenz\Box\25cm_-10Grad.pickle,Box,25.0,-10.0,Mic2,mean,100,18000,outputs\stft\Box\25cm_-10Grad__Mic2__mean.png
Multifrequenz Dataset\Multifrequenz\Box\25cm_-5Grad.pickle,Box,25.0,-5.0,Mic2,mean,100,18000,outputs\stft\Box\25cm_-5Grad__Mic2__mean.png
Multifrequenz Dataset\Multifrequenz\Box\25cm_0Grad.pickle,Box,25.0,0.0,Mic2,mean,100,18000,outputs\stft\Box\25cm_0Grad__Mic2__mean.png
Multifrequenz Dataset\Multifrequenz\Box\25cm_10Grad.pickle,Box,25.0,10.0,Mic2,mean,100,18000,outputs\stft\Box\25cm_10Grad__Mic2__mean.png
Multifrequenz Dataset\Multifrequenz\Box\25cm_5Grad.pickle,Box,25.0,5.0,Mic2,mean,100,18000,outputs\stft\Box\25cm_5Grad__Mic2__mean.png
Multifrequenz Dataset\Multifrequenz\Box\50cm_-10Grad.pickle,Box,50.0,-10.0,Mic2,mean,100,18000,outputs\stft\Box\50cm_-10Grad__Mic2__mean.png
Multifrequenz Dataset\Multifrequenz\Box\50cm_-5Grad.pickle,Box,50.0,-5.0,Mic2,mean,100,18000,outputs\stft\Box\50cm_-5Grad__Mic2__mean.png
Multifrequenz Dataset\Multifrequenz\Box\50cm_0Grad.pickle,Box,50.0,0.0,Mic2,mean,100,18000,outputs\stft\Box\50cm_0Grad__Mic2__mean.png
Multifrequenz Dataset\Multifrequenz\Box\50cm_10Grad.pickle,Box,50.0,10.0,Mic2,mean,100,18000,outputs\stft\Box\50cm_10Grad__Mic2__mean.png
Multifrequenz Dataset\Multifrequenz\Box\50cm_5Grad.pickle,Box,50.0,5.0,Mic2,mean,100,18000,outputs\stft\Box\50cm_5Grad__Mic2__mean.png
Multifrequenz Dataset\Multifrequenz\Box\75cm_-10Grad.pickle,Box,75.0,-10.0,Mic2,mean,100,18000,outputs\stft\Box\75cm_-10Grad__Mic2__mean.png
Multifrequenz Dataset\Multifrequenz\Box\75cm_-5Grad.pickle,Box,75.0,-5.0,Mic2,mean,100,18000,outputs\stft\Box\75cm_-5Grad__Mic2__mean.png
Multifrequenz Dataset\Multifrequenz\Box\75cm_0Grad.pickle,Box,75.0,0.0,Mic2,mean,100,18000,outputs\stft\Box\75cm_0Grad__Mic2__mean.png
Multifrequenz Dataset\Multifrequenz\Box\75cm_10Grad.pickle,Box,75.0,10.0,Mic2,mean,100,18000,outputs\stft\Box\75cm_10Grad__Mic2__mean.png
Multifrequenz Dataset\Multifrequenz\Box\75cm_5Grad.pickle,Box,75.0,5.0,Mic2,mean,100,18000,outputs\stft\Box\75cm_5Grad__Mic2__mean.png
Multifrequenz Dataset\Multifrequenz\Dose\100cm_-10Grad.pickle,Dose,100.0,-10.0,Mic2,mean,100,18000,outputs\stft\Dose\100cm_-10Grad__Mic2__mean.png
Multifrequenz Dataset\Multifrequenz\Dose\100cm_-5Grad.pickle,Dose,100.0,-5.0,Mic2,mean,100,18000,outputs\stft\Dose\100cm_-5Grad__Mic2__mean.png
Multifrequenz Dataset\Multifrequenz\Dose\100cm_0Grad.pickle,Dose,100.0,0.0,Mic2,mean,100,18000,outputs\stft\Dose\100cm_0Grad__Mic2__mean.png
Multifrequenz Dataset\Multifrequenz\Dose\100cm_10Grad.pickle,Dose,100.0,10.0,Mic2,mean,100,18000,outputs\stft\Dose\100cm_10Grad__Mic2__mean.png
Multifrequenz Dataset\Multifrequenz\Dose\100cm_5Grad.pickle,Dose,100.0,5.0,Mic2,mean,100,18000,outputs\stft\Dose\100cm_5Grad__Mic2__mean.png
Multifrequenz Dataset\Multifrequenz\Dose\125cm_-10Grad.pickle,Dose,125.0,-10.0,Mic2,mean,100,18000,outputs\stft\Dose\125cm_-10Grad__Mic2__mean.png
Multifrequenz Dataset\Multifrequenz\Dose\125cm_-5Grad.pickle,Dose,125.0,-5.0,Mic2,mean,100,18000,outputs\stft\Dose\125cm_-5Grad__Mic2__mean.png
Multifrequenz Dataset\Multifrequenz\Dose\125cm_0Grad.pickle,Dose,125.0,0.0,Mic2,mean,100,18000,outputs\stft\Dose\125cm_0Grad__Mic2__mean.png
Multifrequenz Dataset\Multifrequenz\Dose\125cm_10Grad.pickle,Dose,125.0,10.0,Mic2,mean,100,18000,outputs\stft\Dose\125cm_10Grad__Mic2__mean.png
Multifrequenz Dataset\Multifrequenz\Dose\125cm_5Grad.pickle,Dose,125.0,5.0,Mic2,mean,100,18000,outputs\stft\Dose\125cm_5Grad__Mic2__mean.png
Multifrequenz Dataset\Multifrequenz\Dose\25cm_-10Grad.pickle,Dose,25.0,-10.0,Mic2,mean,100,18000,outputs\stft\Dose\25cm_-10Grad__Mic2__mean.png
Multifrequenz Dataset\Multifrequenz\Dose\25cm_-5Grad.pickle,Dose,25.0,-5.0,Mic2,mean,100,18000,outputs\stft\Dose\25cm_-5Grad__Mic2__mean.png
Multifrequenz Dataset\Multifrequenz\Dose\25cm_0Grad.pickle,Dose,25.0,0.0,Mic2,mean,100,18000,outputs\stft\Dose\25cm_0Grad__Mic2__mean.png
Multifrequenz Dataset\Multifrequenz\Dose\25cm_10Grad.pickle,Dose,25.0,10.0,Mic2,mean,100,18000,outputs\stft\Dose\25cm_10Grad__Mic2__mean.png
Multifrequenz Dataset\Multifrequenz\Dose\25cm_5Grad.pickle,Dose,25.0,5.0,Mic2,mean,100,18000,outputs\stft\Dose\25cm_5Grad__Mic2__mean.png
Multifrequenz Dataset\Multifrequenz\Dose\50cm_-10Grad.pickle,Dose,50.0,-10.0,Mic2,mean,100,18000,outputs\stft\Dose\50cm_-10Grad__Mic2__mean.png
Multifrequenz Dataset\Multifrequenz\Dose\50cm_-5Grad.pickle,Dose,50.0,-5.0,Mic2,mean,100,18000,outputs\stft\Dose\50cm_-5Grad__Mic2__mean.png
Multifrequenz Dataset\Multifrequenz\Dose\50cm_0Grad.pickle,Dose,50.0,0.0,Mic2,mean,100,18000,outputs\stft\Dose\50cm_0Grad__Mic2__mean.png
Multifrequenz Dataset\Multifrequenz\Dose\50cm_10Grad.pickle,Dose,50.0,10.0,Mic2,mean,100,18000,outputs\stft\Dose\50cm_10Grad__Mic2__mean.png
Multifrequenz Dataset\Multifrequenz\Dose\50cm_5Grad.pickle,Dose,50.0,5.0,Mic2,mean,100,18000,outputs\stft\Dose\50cm_5Grad__Mic2__mean.png
Multifrequenz Dataset\Multifrequenz\Dose\75cm_-10Grad.pickle,Dose,75.0,-10.0,Mic2,mean,100,18000,outputs\stft\Dose\75cm_-10Grad__Mic2__mean.png
Multifrequenz Dataset\Multifrequenz\Dose\75cm_-5Grad.pickle,Dose,75.0,-5.0,Mic2,mean,100,18000,outputs\stft\Dose\75cm_-5Grad__Mic2__mean.png
Multifrequenz Dataset\Multifrequenz\Dose\75cm_0Grad.pickle,Dose,75.0,0.0,Mic2,mean,100,18000,outputs\stft\Dose\75cm_0Grad__Mic2__mean.png
Multifrequenz Dataset\Multifrequenz\Dose\75cm_10Grad.pickle,Dose,75.0,10.0,Mic2,mean,100,18000,outputs\stft\Dose\75cm_10Grad__Mic2__mean.png
Multifrequenz Dataset\Multifrequenz\Dose\75cm_5Grad.pickle,Dose,75.0,5.0,Mic2,mean,100,18000,outputs\stft\Dose\75cm_5Grad__Mic2__mean.png
Multifrequenz Dataset\Multifrequenz\Glas\100cm_-10Grad.pickle,Glas,100.0,-10.0,Mic2,mean,100,18000,outputs\stft\Glas\100cm_-10Grad__Mic2__mean.png
Multifrequenz Dataset\Multifrequenz\Glas\100cm_-5Grad.pickle,Glas,100.0,-5.0,Mic2,mean,100,18000,outputs\stft\Glas\100cm_-5Grad__Mic2__mean.png
Multifrequenz Dataset\Multifrequenz\Glas\100cm_0Grad.pickle,Glas,100.0,0.0,Mic2,mean,100,18000,outputs\stft\Glas\100cm_0Grad__Mic2__mean.png
Multifrequenz Dataset\Multifrequenz\Glas\100cm_10Grad.pickle,Glas,100.0,10.0,Mic2,mean,100,18000,outputs\stft\Glas\100cm_10Grad__Mic2__mean.png
Multifrequenz Dataset\Multifrequenz\Glas\100cm_5Grad.pickle,Glas,100.0,5.0,Mic2,mean,100,18000,outputs\stft\Glas\100cm_5Grad__Mic2__mean.png
Multifrequenz Dataset\Multifrequenz\Glas\125cm_-10Grad.pickle,Glas,125.0,-10.0,Mic2,mean,100,18000,outputs\stft\Glas\125cm_-10Grad__Mic2__mean.png
Multifrequenz Dataset\Multifrequenz\Glas\125cm_-5Grad.pickle,Glas,125.0,-5.0,Mic2,mean,100,18000,outputs\stft\Glas\125cm_-5Grad__Mic2__mean.png
Multifrequenz Dataset\Multifrequenz\Glas\125cm_0Grad.pickle,Glas,125.0,0.0,Mic2,mean,100,18000,outputs\stft\Glas\125cm_0Grad__Mic2__mean.png
Multifrequenz Dataset\Multifrequenz\Glas\125cm_10Grad.pickle,Glas,125.0,10.0,Mic2,mean,100,18000,outputs\stft\Glas\125cm_10Grad__Mic2__mean.png
Multifrequenz Dataset\Multifrequenz\Glas\125cm_5Grad.pickle,Glas,125.0,5.0,Mic2,mean,100,18000,outputs\stft\Glas\125cm_5Grad__Mic2__mean.png
Multifrequenz Dataset\Multifrequenz\Glas\25cm_-10Grad.pickle,Glas,25.0,-10.0,Mic2,mean,100,18000,outputs\stft\Glas\25cm_-10Grad__Mic2__mean.png
Multifrequenz Dataset\Multifrequenz\Glas\25cm_-5Grad.pickle,Glas,25.0,-5.0,Mic2,mean,100,18000,outputs\stft\Glas\25cm_-5Grad__Mic2__mean.png
Multifrequenz Dataset\Multifrequenz\Glas\25cm_0Grad.pickle,Glas,25.0,0.0,Mic2,mean,100,18000,outputs\stft\Glas\25cm_0Grad__Mic2__mean.png
Multifrequenz Dataset\Multifrequenz\Glas\25cm_10Grad.pickle,Glas,25.0,10.0,Mic2,mean,100,18000,outputs\stft\Glas\25cm_10Grad__Mic2__mean.png
Multifrequenz Dataset\Multifrequenz\Glas\25cm_5Grad.pickle,Glas,25.0,5.0,Mic2,mean,100,18000,outputs\stft\Glas\25cm_5Grad__Mic2__mean.png
Multifrequenz Dataset\Multifrequenz\Glas\50cm_-10Grad.pickle,Glas,50.0,-10.0,Mic2,mean,100,18000,outputs\stft\Glas\50cm_-10Grad__Mic2__mean.png
Multifrequenz Dataset\Multifrequenz\Glas\50cm_-5Grad.pickle,Glas,50.0,-5.0,Mic2,mean,100,18000,outputs\stft\Glas\50cm_-5Grad__Mic2__mean.png
Multifrequenz Dataset\Multifrequenz\Glas\50cm_0Grad.pickle,Glas,50.0,0.0,Mic2,mean,100,18000,outputs\stft\Glas\50cm_0Grad__Mic2__mean.png
Multifrequenz Dataset\Multifrequenz\Glas\50cm_10Grad.pickle,Glas,50.0,10.0,Mic2,mean,100,18000,outputs\stft\Glas\50cm_10Grad__Mic2__mean.png
Multifrequenz Dataset\Multifrequenz\Glas\50cm_5Grad.pickle,Glas,50.0,5.0,Mic2,mean,100,18000,outputs\stft\Glas\50cm_5Grad__Mic2__mean.png
Multifrequenz Dataset\Multifrequenz\Glas\75cm_-10Grad.pickle,Glas,75.0,-10.0,Mic2,mean,100,18000,outputs\stft\Glas\75cm_-10Grad__Mic2__mean.png
Multifrequenz Dataset\Multifrequenz\Glas\75cm_-5Grad.pickle,Glas,75.0,-5.0,Mic2,mean,100,18000,outputs\stft\Glas\75cm_-5Grad__Mic2__mean.png
Multifrequenz Dataset\Multifrequenz\Glas\75cm_0Grad.pickle,Glas,75.0,0.0,Mic2,mean,100,18000,outputs\stft\Glas\75cm_0Grad__Mic2__mean.png
Multifrequenz Dataset\Multifrequenz\Glas\75cm_10Grad.pickle,Glas,75.0,10.0,Mic2,mean,100,18000,outputs\stft\Glas\75cm_10Grad__Mic2__mean.png
Multifrequenz Dataset\Multifrequenz\Glas\75cm_5Grad.pickle,Glas,75.0,5.0,Mic2,mean,100,18000,outputs\stft\Glas\75cm_5Grad__Mic2__mean.png
Multifrequenz Dataset\Multifrequenz\referenz\referenz.pickle,referenz,,,Mic2,mean,100,18000,outputs\stft\referenz\referenz__Mic2__mean.png
